Costumer;Origin;Age;Annual Salary (R$);Grade (1-100);Occupation;Years of Experience;Family Size;
1;Regular;19;15000;39;Health;1;4;
2;Regular;21;35000;81;Engineer;3;3;
3;On Sale;20;86000;2;Engineer;1;1;
4;On Sale;23;59000;73;Lawyer;0;2;.
5;On Sale;31;38000;48;Entertainment;2;6;
6;On Sale;22;58000;84;Artist;0;2;
7;On Sale;35;31000;2;Health;1;3;
8;On Sale;23;84000;90;Health;1;3;
9;Regular;64;97000;3;Engineer;0;3;
10;On Sale;30;98000;80;Artist;1;4;
11;Regular;67;7000;14;Engineer;1;3;
12;On Sale;35;93000;95;Health;4;4;
13;On Sale;58;80000;11;Executive;0;5;
14;On Sale;24;91000;73;Lawyer;1;1;
15;Regular;37;19000;13;Doctor;0;1;
16;Regular;22;51000;79;Health;1;2;
17;On Sale;35;29000;31;Constructor;9;5;
18;Regular;20;89000;66;Health;1;6;
19;Regular;52;20000;41;Entertainment;1;4;
20;On Sale;35;62000;100;Artist;0;1;
21;Regular;35;96000;42;Constructor;12;1;
22;Regular;25;4000;73;Health;3;4;
23;On Sale;46;42000;67;Artist;13;2;
24;Regular;31;71000;85;Artist;5;2;
25;On Sale;54;67000;10;Executive;1;3;
26;Regular;29;52000;94;Artist;1;3;
27;On Sale;45;68000;28;Health;9;8;
28;Regular;35;78000;73;Artist;1;3;
29;On Sale;40;18000;39;Artist;0;1;
30;On Sale;23;20000;95;Artist;5;4;
31;Regular;60;39000;16;Artist;0;3;
32;On Sale;21;34000;69;Doctor;1;2;
33;Regular;53;59000;4;Health;1;3;
34;Regular;18;62000;92;Constructor;9;7;
35;On Sale;49;91000;10;Lawyer;1;2;
36;On Sale;21;95000;77;Health;3;4;
37;On Sale;42;14000;13;Doctor;5;1;
38;On Sale;30;62000;69;Health;1;5;
39;On Sale;36;9000;34;Artist;8;2;
40;On Sale;20;69000;83;Artist;8;2;
41;On Sale;65;25000;43;Artist;4;1;
42;Regular;24;85000;92;Health;0;2;
43;Regular;48;22000;55;Artist;14;3;
44;On Sale;31;33000;69;Artist;1;2;
45;On Sale;49;72000;24;Engineer;8;1;
46;On Sale;24;3000;61;Lawyer;4;2;
47;On Sale;50;52000;63;Artist;0;4;
48;On Sale;27;71000;50;Health;12;1;
49;On Sale;29;78000;38;Health;0;4;
50;On Sale;31;25000;38;Engineer;1;1;
51;On Sale;49;88000;60;Artist;1;2;
52;Regular;33;97000;72;Artist;1;2;
53;On Sale;31;74000;62;Artist;1;1;
54;Regular;59;68000;72;Entertainment;0;2;
55;On Sale;50;18000;46;Marketing;1;1;
56;Regular;47;95000;60;Artist;14;2;
57;On Sale;51;71000;46;Health;9;4;
58;Regular;69;8000;46;Doctor;8;2;
59;On Sale;27;57000;59;Artist;1;3;
60;Regular;53;89000;46;Lawyer;1;6;
61;Regular;70;84000;68;Artist;0;2;
62;Regular;19;50000;67;Artist;9;2;
63;On Sale;67;50000;48;Lawyer;0;3;
64;On Sale;54;48000;55;Lawyer;1;2;
65;Regular;63;63000;51;Lawyer;7;2;
66;Regular;18;9000;71;Entertainment;0;2;
67;On Sale;43;3000;46;Doctor;0;2;
68;On Sale;68;82000;56;Artist;8;4;
69;Regular;19;81000;71;Artist;0;4;
70;On Sale;32;97000;43;Constructor;2;2;
71;Regular;70;91000;55;Health;8;2;
72;On Sale;47;9000;50;Entertainment;8;2;
73;On Sale;60;44000;57;Artist;0;5;
74;On Sale;60;10000;52;Health;8;4;
75;Regular;59;89000;59;Artist;0;4;
76;Regular;26;49000;54;Constructor;0;3;
77;On Sale;45;67000;49;Doctor;0;2;
78;Regular;40;99000;60;Artist;4;3;
79;On Sale;23;97000;48;Engineer;2;2;
80;On Sale;49;não informado;38;;1;1;
81;Regular;57;52000;51;Health;0;4;
82;Regular;38;61000;55;Health;6;3;
83;Regular;67;120000;53;Artist;8;1;
84;On Sale;46;34000;52;Entertainment;8;4;
85;On Sale;21;24000;58;Marketing;1;3;
86;Regular;48;31000;46;Health;7;5;
87;On Sale;55;11000;66;Artist;0;3;
88;On Sale;22;55000;63;Artist;5;2;
89;On Sale;34;76000;68;Entertainment;7;3;
90;On Sale;50;56000;42;Doctor;0;2;
91;On Sale;68;46000;63;Entertainment;0;3;
92;Regular;18;36000;53;Artist;1;4;
93;Regular;48;88000;61;Artist;1;2;
94;On Sale;40;31000;48;Entertainment;1;2;
95;On Sale;32;24000;50;Artist;0;1;
96;Regular;24;80000;71;Artist;10;1;
97;On Sale;47;2000;55;Artist;0;1;
98;On Sale;27;67000;58;Artist;0;2;
99;Regular;48;58000;42;Doctor;1;2;
100;Regular;20;80000;49;Engineer;3;3;
101;On Sale;23;65000;49;Artist;0;4;
102;On Sale;49;4000;44;Executive;1;7;
103;Regular;67;98000;71;Artist;0;3;
104;Regular;26;52000;55;Executive;0;5;
105;Regular;49;86000;63;Health;10;2;
106;On Sale;21;82000;38;Doctor;1;2;
107;On Sale;66;43000;46;Constructor;3;2;
108;Regular;54;78000;46;Lawyer;1;1;
109;Regular;68;13000;43;Health;6;5;
110;Regular;66;13000;48;Health;9;3;
111;Regular;65;34000;64;Entertainment;4;4;
112;On Sale;19;25000;62;Artist;0;1;
113;On Sale;38;71000;38;Doctor;1;5;
114;Regular;19;2000;58;Artist;1;1;
115;On Sale;18;97000;44;Executive;0;3;
116;On Sale;19;51000;46;Executive;8;4;
117;On Sale;63;9000;39;Lawyer;1;1;
118;On Sale;49;79000;67;Artist;0;2;
119;On Sale;51;84000;39;;2;7;
120;On Sale;50;87000;65;Artist;1;2;
121;Regular;27;36000;56;Executive;0;3;
122;On Sale;38;50000;36;Executive;1;4;
123;On Sale;40;97000;54;Engineer;9;4;
124;Regular;39;6000;91;Health;1;3;
125;On Sale;23;12000;37;Entertainment;9;2;
126;On Sale;31;46000;78;Marketing;1;2;
127;Regular;43;89000;35;Engineer;0;7;
128;Regular;40;4000;100;Artist;0;2;
129;Regular;59;38000;11;Engineer;0;2;
130;Regular;38;64000;87;Entertainment;8;5;
131;Regular;47;66000;9;Executive;9;5;
132;Regular;39;26000;75;Lawyer;0;2;
133;On Sale;25;41000;30;Health;6;4;
134;On Sale;31;45000;79;Artist;5;1;
135;Regular;20;89000;5;Engineer;1;2;
136;On Sale;29;92000;84;Executive;5;5;
137;On Sale;44;76000;15;Artist;5;2;
138;Regular;32;85000;85;Artist;3;4;
139;Regular;19;22000;15;Marketing;8;4;
140;On Sale;35;15000;80;Artist;4;4;
141;On Sale;57;32000;1;Engineer;0;2;
142;Regular;32;66000;100;Artist;0;5;
143;On Sale;28;62000;36;Doctor;5;3;
144;On Sale;32;85000;83;Lawyer;1;2;
145;Regular;25;71000;12;Engineer;0;5;
146;Regular;28;26000;100;Marketing;8;5;
147;Regular;48;52000;36;Engineer;9;2;
148;On Sale;32;38000;70;Lawyer;1;1;
149;On Sale;34;51000;18;Health;7;4;
150;Regular;34;90000;100;Artist;6;3;
151;Regular;43;30000;17;Lawyer;0;9;
152;Regular;39;41000;88;Engineer;0;1;
153;On Sale;44;17000;16;Engineer;0;2;
154;On Sale;38;92000;84;Artist;2;2;
155;On Sale;47;80000;12;Health;0;4;
156;On Sale;27;10000;90;Marketing;8;4;
157;Regular;37;16000;1;Executive;1;1;
158;On Sale;30;87000;86;Artist;3;4;
159;Regular;34;66000;1;Lawyer;1;2;
160;On Sale;30;86000;81;Artist;3;3;
161;On Sale;56;9000;43;Artist;1;1;
162;On Sale;29;50000;79;Health;1;5;
163;Regular;19;35000;5;Executive;0;5;
164;On Sale;31;58000;89;Health;1;5;
165;Regular;50;47000;26;Doctor;0;2;
166;On Sale;36;54000;83;Artist;5;3;
167;Regular;42;79000;20;Constructor;9;3;
168;On Sale;33;83000;100;Artist;0;5;
169;On Sale;36;57000;35;Artist;0;3;
170;Regular;32;0;75;Artist;2;2;
171;Regular;40;69000;25;Artist;3;5;
172;Regular;28;4000;75;Executive;0;2;
173;Regular;36;79000;10;Lawyer;0;2;
174;Regular;36;99000;100;Artist;5;2;
175;On Sale;52;20000;9;Lawyer;0;2;
176;On Sale;30;28000;94;Artist;3;4;
177;Regular;58;29000;22;Engineer;11;1;
178;Regular;27;45000;69;Health;2;6;
179;Regular;59;86000;14;Health;4;3;
180;Regular;35;42000;90;Engineer;8;1;
181;On Sale;37;59000;40;Artist;7;2;
182;On Sale;32;61000;94;Entertainment;7;5;
183;Regular;46;11000;27;Artist;7;1;
184;On Sale;29;66000;96;Artist;4;4;
185;On Sale;41;39000;47;Artist;1;1;
186;Regular;30;72000;100;Artist;6;2;
187;On Sale;54;14000;20;Lawyer;1;2;
188;Regular;28;44000;68;Doctor;5;3;
189;On Sale;41;76000;13;Engineer;8;2;
190;On Sale;36;95000;93;Artist;4;2;
191;On Sale;34;92000;31;Artist;5;3;
192;On Sale;32;98000;77;Artist;8;2;
193;Regular;33;96000;8;Executive;9;2;
194;On Sale;38;45000;100;Artist;10;4;
195;On Sale;47;8000;24;Artist;7;2;
196;On Sale;35;46000;75;Executive;1;3;
197;On Sale;45;78000;36;Artist;0;2;
198;Regular;32;4000;86;Artist;1;5;
199;Regular;32;81000;18;Executive;1;2;
200;Regular;30;33000;95;Artist;4;2;
201;On Sale;21;40000;6;Health;0;3;
202;Regular;34;85000;16;Health;9;3;
203;On Sale;16;60000;1;Engineer;6;8;
204;On Sale;76;60000;35;Health;4;2;
205;On Sale;62;63000;67;Entertainment;0;2;
206;On Sale;63;10000;48;Health;8;3;
207;On Sale;19;55000;57;Health;0;3;
208;Regular;46;93000;24;Artist;2;1;
209;On Sale;48;15000;3;Doctor;0;2;
210;On Sale;80;39000;29;Engineer;9;4;
211;On Sale;1;57000;62;Engineer;0;2;
212;On Sale;0;22000;80;Artist;0;1;
213;Regular;86;12000;75;Marketing;2;4;
214;Regular;49;50000;82;Lawyer;8;1;
215;Regular;48;95000;68;Doctor;2;4;
216;On Sale;46;66000;66;Health;3;3;
217;Regular;79;20000;40;Doctor;6;2;
218;On Sale;83;35000;95;Doctor;8;2;
219;On Sale;66;71000;30;Executive;9;2;
220;On Sale;59;76000;57;;9;1;
221;On Sale;39;84000;41;Artist;5;3;
222;On Sale;95;72000;47;Engineer;4;2;
223;Regular;43;33000;67;Artist;4;3;
224;On Sale;93;93000;33;Health;1;5;
225;On Sale;40;83000;44;Constructor;4;1;
226;On Sale;78;23000;4;Engineer;1;1;
227;On Sale;25;40000;85;Artist;5;4;
228;Regular;76;89000;86;Health;9;4;
229;Regular;0;33000;42;Marketing;0;1;
230;Regular;15;94000;30;Health;7;2;
231;On Sale;6;93000;22;Lawyer;0;2;
232;Regular;84;7000;28;Health;0;4;
233;On Sale;67;18000;84;Lawyer;0;2;
234;On Sale;78;3000;10;Health;0;4;
235;On Sale;4;84000;42;Artist;0;1;
236;On Sale;29;62000;30;Health;0;4;
237;Regular;91;9000;96;Health;1;5;
238;Regular;95;36000;35;;0;4;
239;Regular;55;37000;74;Lawyer;1;4;
240;On Sale;14;50000;19;Artist;1;2;
241;Regular;92;83000;16;Executive;1;5;
242;On Sale;65;79000;25;Artist;0;3;
243;On Sale;84;40000;10;Health;1;4;
244;On Sale;77;47000;66;Artist;0;6;
245;On Sale;53;4000;28;Artist;0;4;
246;On Sale;28;38000;83;Entertainment;7;2;
247;Regular;23;0;96;Doctor;1;3;
248;On Sale;32;7000;24;Artist;1;2;
249;On Sale;37;41000;13;Artist;1;2;
250;On Sale;89;65000;1;Engineer;0;5;
251;Regular;80;20000;93;Engineer;1;3;
252;On Sale;27;44000;61;Doctor;8;1;
253;On Sale;78;3000;22;Artist;5;4;
254;On Sale;86;72000;9;Lawyer;7;3;
255;On Sale;46;27000;28;Engineer;4;4;
256;Regular;59;85000;49;Lawyer;4;2;
257;Regular;12;38000;25;Executive;10;1;
258;Regular;79;73000;96;Constructor;6;7;
259;On Sale;79;64000;72;Artist;2;3;
260;Regular;26;26000;60;Executive;6;4;
261;On Sale;63;47000;24;Artist;2;3;
262;On Sale;52;35000;81;Doctor;2;6;
263;On Sale;32;31000;20;Lawyer;2;3;
264;On Sale;64;13000;34;Engineer;3;4;
265;On Sale;37;79000;6;Constructor;1;7;
266;Regular;7;82000;31;Entertainment;0;2;
267;On Sale;40;28000;76;Artist;1;1;
268;On Sale;78;36000;87;Artist;0;3;
269;On Sale;34;8000;84;Entertainment;6;6;
270;On Sale;52;88000;47;Artist;1;2;
271;Regular;94;91000;48;Entertainment;0;4;
272;On Sale;1;12000;51;Doctor;0;3;
273;On Sale;96;1000;84;Entertainment;0;3;
274;On Sale;18;143000;100;Artist;0;2;
275;On Sale;37;18000;65;Artist;1;2;
276;Regular;78;65000;89;Lawyer;1;2;
277;Regular;16;9000;88;Executive;7;4;
278;Regular;93;95000;33;Artist;1;1;
279;On Sale;74;78000;8;Engineer;9;3;
280;Regular;68;48000;73;Health;3;3;
281;On Sale;32;63000;83;Executive;1;4;
282;On Sale;43;85000;64;Marketing;1;2;
283;On Sale;52;43000;66;Artist;1;3;
284;On Sale;63;74000;28;Artist;1;2;
285;On Sale;33;67000;7;Health;0;1;
286;Regular;86;59000;52;Artist;0;1;
287;On Sale;85;140000;92;Entertainment;1;1;
288;On Sale;73;31000;43;Health;1;2;
289;On Sale;21;5000;92;Marketing;0;1;
290;On Sale;93;19000;54;Engineer;1;3;
291;Regular;9;27000;54;Entertainment;0;1;
292;On Sale;10;68000;49;Doctor;0;3;
293;Regular;11;38000;78;Artist;8;8;
294;On Sale;48;50000;32;Engineer;6;4;
295;On Sale;73;80000;81;Entertainment;2;2;
296;On Sale;66;69000;39;Executive;9;3;
297;On Sale;79;31000;87;Engineer;3;3;
298;Regular;62;87000;41;Doctor;6;2;
299;Regular;17;79000;28;Artist;1;3;
300;Regular;32;32000;98;Entertainment;5;2;
301;Regular;85;153787;100;Entertainment;3;3;
302;Regular;31;95851;16;Health;5;2;
303;On Sale;31;145015;69;Health;6;3;
304;On Sale;38;148539;3;Health;5;2;
305;On Sale;90;117319;17;Lawyer;1;2;
306;On Sale;65;180243;27;Marketing;6;2;
307;On Sale;63;165052;20;Artist;4;2;
308;On Sale;61;120487;10;Doctor;0;2;
309;Regular;26;112766;83;Engineer;8;4;
310;On Sale;17;156488;61;Engineer;1;4;
311;Regular;56;97562;15;Executive;5;6;
312;On Sale;12;77501;26;Engineer;5;4;
313;On Sale;24;118302;96;Lawyer;5;1;
314;On Sale;13;64277;5;Executive;9;4;
315;Regular;12;53927;77;Doctor;2;3;
316;Regular;72;93921;93;Lawyer;9;2;
317;On Sale;54;132046;4;Constructor;4;4;
318;Regular;45;183217;100;Artist;7;2;
319;Regular;66;182937;49;Marketing;8;1;
320;On Sale;27;68272;52;Health;8;4;
321;Regular;36;69841;28;Engineer;10;2;
322;Regular;5;69078;40;Lawyer;0;1;
323;On Sale;89;110667;96;Health;2;4;
324;Regular;13;95469;94;Doctor;6;1;
325;On Sale;91;102861;48;Artist;4;1;
326;Regular;16;133551;19;Artist;3;1;
327;On Sale;63;64589;86;Engineer;7;1;
328;Regular;52;152755;39;Engineer;4;2;
329;On Sale;37;92313;54;Health;1;5;
330;On Sale;78;98922;13;Artist;2;3;
331;Regular;24;165846;33;Engineer;0;4;
332;On Sale;4;93713;31;Engineer;0;4;
333;Regular;84;137641;67;Health;0;5;
334;Regular;0;173743;80;Artist;0;4;
335;On Sale;67;116126;73;Entertainment;10;2;
336;On Sale;32;112246;26;Health;8;3;
337;On Sale;39;69384;71;Health;1;5;
338;On Sale;68;76529;58;Health;0;2;
339;On Sale;7;123804;4;Doctor;0;1;
340;On Sale;76;68292;63;Artist;8;2;
341;On Sale;84;173185;100;Artist;3;1;
342;Regular;75;142034;94;Entertainment;1;4;
343;Regular;22;107941;73;Artist;0;1;
344;On Sale;90;149840;57;Engineer;1;1;
345;On Sale;4;148431;68;Health;0;8;
346;On Sale;78;126599;80;Lawyer;0;3;
347;On Sale;58;57180;18;Health;9;1;
348;On Sale;99;184426;49;Artist;9;1;
349;On Sale;24;151085;40;Marketing;2;5;
350;On Sale;88;166107;100;Artist;13;4;
351;On Sale;92;67850;99;Artist;9;4;
352;Regular;99;173394;11;Engineer;13;1;
353;On Sale;51;72303;94;Lawyer;7;1;
354;Regular;23;181760;42;Health;14;3;
355;On Sale;13;146858;71;Doctor;9;1;
356;Regular;22;172923;20;Engineer;6;1;
357;On Sale;89;115811;90;Constructor;11;4;
358;Regular;20;184324;63;Marketing;13;5;
359;On Sale;72;67353;15;Lawyer;9;3;
360;Regular;17;165999;71;Health;9;3;
361;Regular;90;164914;30;Artist;8;3;
362;Regular;99;63364;73;Entertainment;1;2;
363;On Sale;39;182352;69;Engineer;4;3;
364;On Sale;37;148544;64;Entertainment;1;2;
365;Regular;46;62833;97;Artist;1;2;
366;Regular;65;120627;72;Health;0;2;
367;On Sale;60;130898;38;Artist;1;1;
368;On Sale;93;103130;77;Executive;12;3;
369;Regular;72;106681;15;Health;9;5;
370;On Sale;36;87353;33;Entertainment;1;5;
371;Regular;52;88046;73;Artist;8;1;
372;On Sale;72;98168;57;Entertainment;1;2;
373;On Sale;28;178265;1;Lawyer;2;1;
374;On Sale;48;167232;88;Doctor;6;4;
375;Regular;85;140478;43;Doctor;6;4;
376;Regular;22;159296;95;Artist;8;1;
377;On Sale;30;144043;74;Doctor;1;1;
378;Regular;46;72594;76;Artist;1;2;
379;On Sale;82;180288;85;Artist;2;2;
380;On Sale;73;165734;59;Entertainment;0;1;
381;Regular;8;175407;1;Artist;0;1;
382;Regular;90;70201;8;Engineer;0;2;
383;Regular;34;91503;38;Artist;0;6;
384;On Sale;10;184522;31;Artist;0;2;
385;On Sale;79;143560;91;Artist;1;3;
386;Regular;83;131574;100;Artist;1;2;
387;On Sale;20;151124;33;Artist;15;3;
388;On Sale;25;67447;54;Artist;15;2;
389;On Sale;26;117454;4;Health;16;2;
390;On Sale;18;86203;26;Doctor;13;1;
391;On Sale;7;136231;1;Artist;0;1;
392;Regular;1;89144;1;Doctor;0;2;
393;Regular;21;119116;42;Artist;17;4;
394;On Sale;86;163463;39;Artist;9;4;
395;On Sale;75;151696;97;Artist;15;1;
396;Regular;78;184736;59;Lawyer;13;1;
397;On Sale;87;70419;65;Constructor;6;4;
398;On Sale;8;119104;36;Entertainment;0;3;
399;Regular;59;130950;28;Executive;5;3;
400;Regular;13;140950;96;Artist;15;2;
401;On Sale;55;82285;31;Engineer;16;1;
402;On Sale;50;91389;95;Health;11;7;
403;Regular;54;186359;100;Doctor;13;2;
404;Regular;13;178989;53;Doctor;14;3;
405;Regular;79;166335;45;Engineer;5;5;
406;On Sale;65;119889;19;Artist;17;6;
407;On Sale;51;66852;76;Executive;15;3;
408;Regular;18;103896;36;Executive;16;4;
409;Regular;21;187761;87;Health;2;3;
410;Regular;37;102717;93;Health;7;4;
411;Regular;83;102647;95;Entertainment;0;2;
412;On Sale;96;113585;27;Lawyer;0;4;
413;On Sale;65;86509;96;Artist;0;4;
414;Regular;80;59099;49;Marketing;1;7;
415;On Sale;75;135088;1;Lawyer;1;5;
416;On Sale;87;110870;74;Engineer;1;4;
417;On Sale;86;187667;20;Artist;0;1;
418;On Sale;36;124614;33;Artist;8;5;
419;On Sale;78;166492;36;Constructor;9;7;
420;On Sale;62;172758;77;Entertainment;1;2;
421;Regular;89;122430;19;Health;1;1;
422;On Sale;56;183540;100;Entertainment;0;6;
423;On Sale;35;96484;42;Artist;5;4;
424;Regular;33;112587;83;Artist;1;4;
425;On Sale;58;155672;79;Entertainment;7;7;
426;On Sale;68;72847;100;Artist;1;2;
427;Regular;38;71897;44;Entertainment;2;3;
428;Regular;31;158479;57;Doctor;1;5;
429;Regular;90;89251;16;Entertainment;1;1;
430;Regular;28;179911;24;Engineer;1;1;
431;Regular;1;111558;58;Health;0;4;
432;Regular;78;127615;85;Executive;10;7;
433;On Sale;23;50076;40;Artist;3;5;
434;On Sale;25;77779;70;Artist;4;1;
435;Regular;59;169999;38;Engineer;5;5;
436;On Sale;7;106581;45;Doctor;0;7;
437;On Sale;24;78223;37;Lawyer;0;1;
438;Regular;76;136259;14;;0;7;
439;Regular;37;153399;100;Entertainment;1;6;
440;On Sale;6;162858;79;Artist;0;1;
441;On Sale;0;57373;1;;0;7;
442;Regular;3;133602;39;Artist;0;1;
443;On Sale;95;66322;96;Artist;0;3;
444;On Sale;0;68761;1;Lawyer;0;4;
445;Regular;7;70749;80;Artist;0;3;
446;Regular;54;65874;99;Artist;7;6;
447;Regular;89;115996;31;Engineer;15;1;
448;On Sale;58;67097;87;Engineer;6;1;
449;On Sale;12;108027;79;Artist;13;5;
450;Regular;7;176349;53;Health;0;2;
451;Regular;11;88452;40;Health;8;6;
452;Regular;74;128266;55;Engineer;7;4;
453;On Sale;64;156777;16;Health;7;2;
454;On Sale;48;123234;53;Lawyer;10;7;
455;On Sale;8;60790;26;Artist;0;5;
456;On Sale;15;181332;100;Artist;14;6;
457;Regular;1;187297;1;Artist;0;1;
458;On Sale;21;153885;94;Artist;6;6;
459;Regular;84;53500;49;Marketing;3;4;
460;On Sale;5;69443;1;Doctor;0;6;
461;On Sale;47;124072;52;Lawyer;0;7;
462;On Sale;96;135800;25;Health;0;7;
463;Regular;93;120597;100;Artist;2;4;
464;On Sale;16;91358;19;Entertainment;1;4;
465;Regular;56;53231;46;Marketing;0;5;
466;On Sale;76;156330;27;Engineer;1;2;
467;Regular;0;186002;60;Doctor;0;2;
468;On Sale;70;111760;56;Executive;12;5;
469;On Sale;47;143906;20;Artist;4;3;
470;Regular;13;182410;29;Health;11;4;
471;Regular;86;98463;53;Constructor;10;5;
472;Regular;91;93762;73;Artist;15;7;
473;Regular;97;104582;50;Health;8;2;
474;Regular;20;130813;100;Artist;17;5;
475;On Sale;11;59202;88;Health;5;4;
476;On Sale;28;79968;41;Lawyer;9;2;
477;Regular;32;104824;54;Artist;0;7;
478;Regular;82;188719;30;Lawyer;0;6;
479;Regular;39;187536;66;Health;3;6;
480;Regular;7;134008;77;Entertainment;0;1;
481;On Sale;13;176397;79;Artist;6;3;
482;On Sale;34;154888;39;Health;9;6;
483;Regular;76;155622;81;Health;0;2;
484;On Sale;30;62330;56;Health;1;1;
485;On Sale;69;112838;30;Health;1;7;
486;Regular;22;58283;59;Constructor;2;4;
487;On Sale;60;77857;89;Artist;1;6;
488;Regular;66;125024;37;Artist;0;1;
489;On Sale;57;136242;42;Artist;9;1;
490;On Sale;60;81934;77;Health;1;4;
491;On Sale;59;130511;100;Artist;3;4;
492;On Sale;54;144502;84;Lawyer;3;1;
493;Regular;90;63769;18;Artist;4;2;
494;On Sale;14;66760;28;Artist;0;4;
495;On Sale;34;135115;62;Entertainment;1;7;
496;On Sale;85;179877;20;Health;12;4;
497;On Sale;83;93351;61;Doctor;1;1;
498;Regular;12;84547;96;Constructor;3;3;
499;Regular;95;121725;10;;12;3;
500;Regular;41;65723;100;Artist;6;7;
501;On Sale;38;96794;92;Health;6;3;
502;Regular;68;72352;61;Health;8;5;
503;On Sale;4;53097;1;Health;0;7;
504;On Sale;5;144831;5;Artist;0;3;
505;On Sale;3;183851;1;Doctor;0;2;
506;On Sale;20;111896;86;Executive;1;3;
507;On Sale;3;64824;1;Executive;0;1;
508;Regular;36;88565;16;Health;1;5;
509;On Sale;70;104974;71;Artist;1;1;
510;On Sale;17;167060;55;Artist;1;5;
511;On Sale;31;69018;25;Artist;6;1;
512;On Sale;48;174109;100;Entertainment;0;1;
513;Regular;28;62186;34;Marketing;0;1;
514;Regular;97;183783;70;Health;9;3;
515;Regular;81;83771;13;Artist;1;2;
516;On Sale;37;148196;99;Artist;0;2;
517;Regular;85;131742;99;Entertainment;1;1;
518;On Sale;78;59971;97;Constructor;14;7;
519;On Sale;13;88960;56;Entertainment;13;3;
520;On Sale;53;140107;34;Health;1;5;
521;On Sale;41;161896;57;Entertainment;1;3;
522;On Sale;9;57272;29;Engineer;0;1;
523;Regular;20;119952;2;Health;8;2;
524;On Sale;98;167197;59;Doctor;1;5;
525;On Sale;44;186116;1;Health;8;6;
526;On Sale;66;134677;62;Health;15;5;
527;On Sale;58;180479;70;Health;0;3;
528;Regular;97;112783;33;Artist;9;6;
529;Regular;13;150258;17;Doctor;0;3;
530;Regular;48;115832;100;Artist;2;2;
531;On Sale;47;104834;52;Artist;0;7;
532;Regular;93;152571;73;Doctor;14;5;
533;On Sale;11;162287;41;Engineer;3;2;
534;On Sale;68;171761;55;Doctor;1;6;
535;On Sale;87;77709;81;Artist;0;1;
536;On Sale;22;95053;25;Entertainment;1;2;
537;Regular;89;74820;33;Doctor;1;2;
538;Regular;57;152267;92;Engineer;9;5;
539;Regular;91;71925;26;Artist;4;2;
540;On Sale;84;151340;100;Artist;1;7;
541;Regular;56;162921;51;Executive;0;4;
542;On Sale;26;52234;26;Executive;1;2;
543;On Sale;56;100271;95;Artist;1;5;
544;On Sale;6;170266;11;Artist;0;2;
545;On Sale;33;88763;13;Entertainment;1;1;
546;On Sale;89;107359;29;;10;6;
547;Regular;99;164781;83;Engineer;0;2;
548;On Sale;25;156016;93;Artist;2;1;
549;On Sale;96;186882;48;Entertainment;1;7;
550;On Sale;35;99300;84;Constructor;5;2;
551;Regular;16;58127;70;Marketing;0;3;
552;On Sale;81;89211;8;Doctor;1;7;
553;On Sale;7;148607;28;Constructor;0;7;
554;On Sale;31;139592;63;Marketing;1;1;
555;On Sale;16;172051;58;Health;1;3;
556;Regular;89;57033;100;Artist;0;4;
557;Regular;84;117612;63;Engineer;0;6;
558;Regular;40;185321;100;Artist;0;7;
559;On Sale;17;186577;1;Health;8;5;
560;Regular;0;151298;80;Artist;0;6;
561;On Sale;69;123925;60;Artist;1;7;
562;On Sale;17;169496;15;Lawyer;11;6;
563;On Sale;0;142892;13;Entertainment;0;1;
564;On Sale;34;58979;13;Entertainment;9;5;
565;On Sale;51;141416;100;Health;15;1;
566;Regular;54;104854;67;Health;1;7;
567;On Sale;19;180331;22;Artist;17;5;
568;On Sale;99;172896;9;Engineer;0;3;
569;On Sale;2;101451;51;Health;0;3;
570;On Sale;91;189974;33;Engineer;8;1;
571;Regular;65;90084;77;Artist;1;6;
572;On Sale;47;112247;20;Executive;4;5;
573;On Sale;91;181775;69;Artist;4;5;
574;On Sale;64;59088;39;Artist;1;3;
575;On Sale;91;60856;31;Artist;1;6;
576;Regular;32;149900;46;Artist;6;3;
577;Regular;15;142776;98;Engineer;8;5;
578;Regular;22;162598;96;Artist;8;3;
579;On Sale;37;146195;85;Health;4;4;
580;Regular;83;135268;53;Lawyer;4;5;
581;On Sale;89;136037;6;Marketing;5;1;
582;On Sale;33;111191;75;Artist;9;4;
583;On Sale;13;144111;77;Entertainment;12;5;
584;On Sale;71;177359;52;Doctor;6;2;
585;On Sale;10;112818;66;Marketing;0;7;
586;Regular;49;53509;100;Artist;5;4;
587;On Sale;9;168269;51;Executive;0;2;
588;On Sale;53;86766;1;Lawyer;16;3;
589;On Sale;63;52661;28;Health;12;5;
590;On Sale;46;148520;17;Health;11;5;
591;Regular;42;149936;71;Artist;15;3;
592;On Sale;73;102296;39;Entertainment;7;5;
593;Regular;75;178416;23;Executive;10;7;
594;On Sale;49;83788;44;Doctor;15;1;
595;On Sale;96;184771;73;Engineer;8;5;
596;On Sale;52;70302;91;Executive;14;3;
597;On Sale;15;58639;59;Entertainment;5;7;
598;Regular;91;97879;59;Entertainment;15;7;
599;Regular;22;64707;41;Entertainment;7;3;
600;Regular;62;71795;87;Health;8;1;
601;Regular;41;76567;85;Doctor;16;1;
602;Regular;61;126370;27;;11;4;
603;On Sale;71;154007;40;Artist;7;7;
604;On Sale;91;69720;74;Lawyer;17;6;
605;On Sale;94;85265;64;Executive;7;6;
606;On Sale;3;155864;7;Health;0;3;
607;On Sale;15;99421;80;Artist;8;7;
608;On Sale;96;145457;53;Executive;2;1;
609;Regular;12;118041;89;Artist;9;2;
610;On Sale;23;73759;79;Doctor;0;7;
611;Regular;94;90082;29;Artist;5;7;
612;On Sale;7;74928;1;Artist;0;6;
613;On Sale;74;101352;32;Lawyer;0;5;
614;On Sale;52;93947;77;Health;9;2;
615;Regular;39;134629;23;Engineer;1;6;
616;Regular;72;101858;70;Health;8;6;
617;On Sale;55;165501;62;Artist;10;4;
618;Regular;29;135931;74;Lawyer;5;1;
619;Regular;38;103356;25;Marketing;1;6;
620;On Sale;44;75195;87;Artist;1;3;
621;Regular;58;123083;56;Entertainment;6;5;
622;Regular;77;73884;30;Health;1;2;
623;On Sale;56;91180;69;Entertainment;1;7;
624;Regular;79;86235;64;Artist;0;2;
625;On Sale;97;96400;1;Doctor;1;7;
626;Regular;78;83599;12;Health;1;6;
627;On Sale;91;82535;46;Health;0;1;
628;Regular;35;92227;8;Lawyer;0;5;
629;On Sale;43;150444;88;Artist;13;4;
630;On Sale;37;149095;79;Lawyer;1;2;
631;Regular;63;113605;54;Artist;3;3;
632;On Sale;16;93854;78;Health;0;7;
633;Regular;32;118280;100;Artist;0;5;
634;Regular;91;94576;100;Artist;0;1;
635;On Sale;33;129257;66;Executive;6;3;
636;On Sale;57;70373;6;Health;2;6;
637;On Sale;43;77600;62;Health;0;1;
638;On Sale;26;113707;100;Entertainment;0;5;
639;On Sale;59;189672;4;Doctor;0;7;
640;On Sale;61;143180;66;Artist;0;5;
641;On Sale;59;174890;15;Marketing;3;4;
642;Regular;66;121377;19;;7;7;
643;Regular;26;154857;13;Health;0;7;
644;On Sale;67;160945;47;Health;0;5;
645;On Sale;85;119557;43;Artist;0;2;
646;On Sale;76;187141;29;Doctor;0;7;
647;On Sale;57;97468;30;Artist;0;1;
648;On Sale;77;160351;73;Lawyer;8;5;
649;On Sale;66;178627;90;Health;1;2;
650;On Sale;49;170188;76;Lawyer;1;6;
651;On Sale;36;166007;36;Doctor;1;4;
652;Regular;74;91794;95;Entertainment;0;7;
653;On Sale;16;189072;94;Artist;6;3;
654;Regular;27;152717;15;Executive;1;6;
655;On Sale;3;158549;67;Executive;0;3;
656;Regular;31;134263;99;Marketing;1;3;
657;On Sale;30;148236;24;Executive;1;1;
658;Regular;94;171677;93;Artist;0;6;
659;On Sale;31;189446;46;Artist;1;6;
660;Regular;49;106633;65;Artist;0;3;
661;Regular;49;81084;48;Executive;6;5;
662;Regular;53;148759;52;Doctor;7;7;
663;On Sale;3;117638;64;Health;0;7;
664;On Sale;91;159537;33;Doctor;4;1;
665;Regular;26;79526;11;Marketing;9;7;
666;Regular;28;101414;64;;8;1;
667;On Sale;92;109519;80;Entertainment;1;4;
668;On Sale;59;156880;78;Artist;0;7;
669;Regular;15;157278;70;Artist;0;6;
670;On Sale;23;144916;80;Engineer;1;7;
671;Regular;54;59163;100;Marketing;3;3;
672;On Sale;93;93991;57;Artist;1;3;
673;On Sale;65;58318;41;Doctor;1;1;
674;On Sale;13;180786;84;Lawyer;1;5;
675;Regular;71;84622;45;Doctor;0;6;
676;Regular;1;92674;51;Artist;0;4;
677;On Sale;57;87553;100;Artist;1;1;
678;Regular;14;74174;91;Entertainment;1;2;
679;On Sale;77;180831;29;Health;1;2;
680;On Sale;89;137397;29;Doctor;1;7;
681;Regular;17;96154;100;Artist;1;4;
682;Regular;86;172477;81;Entertainment;1;3;
683;Regular;42;59954;37;Executive;4;4;
684;On Sale;29;112240;100;Entertainment;0;4;
685;On Sale;54;145679;43;Artist;0;2;
686;Regular;96;136265;68;Artist;12;5;
687;On Sale;58;74869;8;Health;0;3;
688;On Sale;52;109425;42;Engineer;0;1;
689;On Sale;3;126015;26;Health;0;1;
690;On Sale;13;156951;62;Health;4;7;
691;On Sale;3;127172;37;Health;0;2;
692;Regular;89;113834;22;Doctor;0;3;
693;Regular;83;132005;14;Entertainment;0;5;
694;On Sale;80;171323;81;Lawyer;10;4;
695;On Sale;74;92355;95;Entertainment;1;4;
696;Regular;42;60982;3;Health;0;5;
697;On Sale;91;51742;41;Artist;8;3;
698;On Sale;31;138612;67;Executive;9;2;
699;Regular;8;158123;76;Artist;0;1;
700;Regular;64;164675;65;Executive;0;5;
701;On Sale;41;172882;23;Health;8;7;
702;On Sale;62;70119;100;Artist;0;1;
703;Regular;41;113998;26;Health;7;7;
704;Regular;22;114011;40;;5;7;
705;Regular;5;57265;80;Entertainment;0;7;
706;On Sale;38;130597;13;Artist;6;1;
707;On Sale;88;121597;3;Engineer;0;5;
708;Regular;56;103210;100;Artist;6;6;
709;Regular;47;66308;8;Executive;0;4;
710;Regular;4;141336;66;Constructor;0;1;
711;Regular;82;153632;88;Entertainment;9;7;
712;On Sale;31;65520;67;Lawyer;1;2;
713;On Sale;69;153217;79;Health;1;6;
714;Regular;62;92768;75;Doctor;1;1;
715;On Sale;54;132345;18;Artist;0;2;
716;On Sale;60;186069;50;Marketing;1;2;
717;On Sale;31;53802;40;Artist;1;7;
718;On Sale;17;103739;58;Health;6;4;
719;On Sale;15;50550;30;Health;9;7;
720;On Sale;37;145648;17;Health;7;6;
721;Regular;36;85737;37;Executive;0;3;
722;On Sale;27;99950;28;Entertainment;0;4;
723;On Sale;11;83220;17;Engineer;7;4;
724;Regular;83;73410;62;Entertainment;8;5;
725;On Sale;71;64310;44;Marketing;2;1;
726;On Sale;20;59844;75;Doctor;0;1;
727;Regular;3;67787;1;Executive;0;6;
728;Regular;52;172841;4;Engineer;0;1;
729;Regular;75;145528;61;Health;1;2;
730;Regular;36;173807;54;Artist;0;2;
731;Regular;60;185794;81;Entertainment;7;1;
732;Regular;8;119780;44;Health;0;3;
733;On Sale;9;158596;74;Artist;0;2;
734;On Sale;41;118122;60;Entertainment;0;6;
735;Regular;38;99964;11;Health;7;4;
736;On Sale;69;120752;23;Executive;1;6;
737;On Sale;33;189630;49;Executive;5;5;
738;Regular;64;125510;6;Health;3;3;
739;Regular;19;101799;49;Engineer;1;1;
740;On Sale;88;92914;82;Artist;0;3;
741;On Sale;91;162465;55;Engineer;9;3;
742;Regular;84;163818;27;Engineer;2;1;
743;On Sale;43;53832;64;Entertainment;4;1;
744;On Sale;30;140190;45;Engineer;1;4;
745;Regular;16;125836;69;Health;1;4;
746;Regular;89;100938;39;Entertainment;0;7;
747;Regular;5;168670;29;Artist;0;3;
748;On Sale;54;176885;18;Entertainment;0;3;
749;On Sale;41;111174;36;Artist;4;5;
750;Regular;80;127335;100;Artist;6;6;
751;Regular;37;149103;10;Health;10;1;
752;Regular;87;167705;31;Health;0;7;
753;On Sale;50;183548;93;Entertainment;1;4;
754;On Sale;14;50396;42;Lawyer;0;6;
755;On Sale;17;63557;6;Marketing;1;1;
756;On Sale;98;87878;63;Artist;1;6;
757;Regular;3;55634;26;Engineer;0;3;
758;On Sale;83;118110;22;Engineer;1;5;
759;Regular;13;129396;48;Artist;6;6;
760;On Sale;46;62628;72;Entertainment;8;6;
761;On Sale;25;51700;13;Health;4;6;
762;On Sale;4;106816;37;Artist;0;5;
763;Regular;64;93000;67;Lawyer;0;2;
764;On Sale;84;144148;67;Doctor;1;4;
765;Regular;12;101388;100;Artist;0;2;
766;On Sale;56;171560;74;Engineer;0;2;
767;Regular;58;156366;72;Entertainment;8;1;
768;On Sale;0;143910;1;Marketing;0;7;
769;On Sale;25;106569;80;Engineer;1;3;
770;Regular;28;173009;25;Health;9;6;
771;Regular;78;54252;29;Engineer;0;5;
772;Regular;56;104600;69;Entertainment;6;3;
773;Regular;91;50250;66;Artist;0;2;
774;Regular;77;93242;96;Entertainment;0;7;
775;On Sale;83;156839;46;Artist;3;7;
776;On Sale;64;71305;47;Artist;9;2;
777;Regular;19;85975;85;Entertainment;0;6;
778;Regular;94;188107;59;Engineer;10;2;
779;Regular;19;82333;40;Marketing;1;2;
780;Regular;84;125016;37;Entertainment;1;7;
781;On Sale;10;148908;1;Health;0;3;
782;On Sale;19;58217;78;Artist;0;1;
783;Regular;74;76521;29;Engineer;7;4;
784;On Sale;95;117763;50;Artist;1;2;
785;On Sale;34;115184;89;Constructor;1;4;
786;Regular;30;54251;19;Artist;2;6;
787;On Sale;53;112530;32;Entertainment;2;6;
788;Regular;67;107409;14;Artist;1;6;
789;On Sale;23;84793;19;Constructor;9;6;
790;On Sale;25;66952;87;Entertainment;1;2;
791;On Sale;84;153465;7;Lawyer;1;4;
792;On Sale;1;178214;5;Artist;0;7;
793;Regular;70;152069;54;Entertainment;4;4;
794;On Sale;56;132860;13;Health;7;2;
795;On Sale;0;147719;55;Lawyer;0;7;
796;On Sale;91;172915;25;Doctor;9;1;
797;On Sale;81;148594;37;Entertainment;3;5;
798;Regular;33;61986;77;Executive;0;1;
799;Regular;75;91456;25;Artist;1;4;
800;Regular;11;166247;84;Executive;1;2;
801;On Sale;61;140516;58;Artist;0;3;
802;Regular;81;148208;36;;5;7;
803;On Sale;62;133822;79;Marketing;0;4;
804;On Sale;44;175424;40;Artist;4;5;
805;On Sale;67;121528;88;Health;8;4;
806;On Sale;30;189369;65;Health;0;3;
807;On Sale;92;80808;34;Artist;1;1;
808;Regular;25;57535;96;Entertainment;1;7;
809;On Sale;61;163509;47;Health;0;4;
810;On Sale;72;75884;53;Executive;0;7;
811;On Sale;89;157759;60;Artist;1;6;
812;On Sale;37;184813;40;Executive;0;2;
813;Regular;59;187253;51;Executive;8;7;
814;Regular;41;81718;48;Entertainment;1;3;
815;Regular;60;150019;37;Doctor;1;2;
816;On Sale;81;53452;81;Entertainment;1;6;
817;Regular;85;150765;42;Constructor;8;2;
818;On Sale;91;154456;67;;0;7;
819;On Sale;65;56647;8;Doctor;6;4;
820;On Sale;19;117477;44;Health;6;7;
821;On Sale;78;79677;47;Artist;10;7;
822;On Sale;0;116759;2;Marketing;0;3;
823;Regular;26;180702;33;Entertainment;6;1;
824;On Sale;2;122698;80;Entertainment;0;1;
825;On Sale;60;169346;51;Health;7;2;
826;On Sale;67;93176;33;Artist;4;1;
827;On Sale;4;75853;9;Constructor;0;5;
828;Regular;7;119362;31;Engineer;0;1;
829;Regular;28;81545;48;Artist;4;7;
830;Regular;67;67372;87;Artist;0;7;
831;On Sale;30;109703;57;Executive;1;1;
832;Regular;38;166697;51;Marketing;13;4;
833;On Sale;40;124982;30;Engineer;1;7;
834;On Sale;6;146776;52;Lawyer;0;7;
835;On Sale;3;147548;14;Executive;0;5;
836;On Sale;51;117620;56;Health;7;6;
837;Regular;63;85351;57;Health;0;2;
838;Regular;65;174432;20;Artist;0;7;
839;Regular;44;70787;68;Doctor;1;3;
840;On Sale;90;75473;59;Health;0;7;
841;Regular;76;90082;49;Health;1;6;
842;On Sale;62;185388;50;Health;0;2;
843;On Sale;5;168110;45;Doctor;0;6;
844;On Sale;67;184628;53;Artist;12;2;
845;On Sale;38;176551;41;Health;8;1;
846;On Sale;31;76422;17;Health;9;7;
847;Regular;2;164248;43;Entertainment;0;3;
848;On Sale;82;109188;34;Lawyer;5;7;
849;On Sale;66;132951;22;Health;4;1;
850;On Sale;75;164598;28;Health;8;1;
851;Regular;69;186655;32;;7;2;
852;On Sale;62;111859;82;Health;6;1;
853;On Sale;0;121926;10;Lawyer;0;1;
854;On Sale;11;143047;38;Executive;1;3;
855;On Sale;22;131748;31;Artist;1;3;
856;Regular;76;142801;23;Lawyer;0;1;
857;Regular;85;142723;46;Engineer;0;6;
858;Regular;21;155151;28;Marketing;14;3;
859;On Sale;64;153607;44;Health;1;4;
860;Regular;94;144192;34;Health;0;3;
861;On Sale;83;174159;18;Lawyer;4;4;
862;On Sale;93;73642;51;Marketing;0;3;
863;On Sale;12;170319;54;Artist;8;7;
864;On Sale;0;141351;1;Engineer;0;2;
865;On Sale;79;167411;17;Marketing;12;5;
866;Regular;90;58289;61;Artist;5;6;
867;On Sale;45;79801;73;Doctor;0;2;
868;On Sale;82;146118;53;Marketing;8;7;
869;On Sale;57;57337;10;Health;1;4;
870;On Sale;43;113575;14;Entertainment;1;2;
871;Regular;63;122658;65;Engineer;6;2;
872;On Sale;62;151836;21;Artist;0;6;
873;On Sale;43;185900;76;Constructor;9;4;
874;On Sale;34;94029;94;Health;1;4;
875;On Sale;30;157290;30;Artist;2;2;
876;Regular;97;175996;61;Entertainment;10;4;
877;Regular;68;102016;49;Artist;0;4;
878;Regular;16;77902;79;Artist;1;2;
879;On Sale;15;81138;82;Health;9;7;
880;Regular;25;128258;48;Executive;0;2;
881;On Sale;29;62475;32;Artist;6;4;
882;On Sale;85;82854;83;Artist;6;4;
883;On Sale;30;59284;34;Doctor;7;7;
884;On Sale;13;141580;88;Health;0;4;
885;On Sale;88;171362;86;Executive;6;4;
886;Regular;5;78274;57;Artist;0;2;
887;On Sale;95;76646;69;Artist;0;1;
888;On Sale;92;78308;62;Executive;5;2;
889;On Sale;63;78971;85;Engineer;1;2;
890;On Sale;75;65528;74;Marketing;1;5;
891;Regular;67;94199;83;Artist;5;7;
892;On Sale;58;135705;44;Engineer;8;7;
893;Regular;52;130573;43;Entertainment;8;3;
894;On Sale;85;152303;76;Artist;1;5;
895;On Sale;31;144582;85;Doctor;1;1;
896;On Sale;84;93288;75;Artist;10;6;
897;On Sale;93;88192;13;Marketing;10;2;
898;Regular;18;62362;81;Lawyer;7;3;
899;Regular;73;74350;46;Lawyer;10;1;
900;Regular;3;144103;15;Health;0;7;
901;Regular;1;75518;1;Lawyer;0;3;
902;Regular;53;160980;62;Doctor;4;2;
903;On Sale;75;102904;36;Artist;7;6;
904;On Sale;15;174501;33;;9;7;
905;On Sale;47;157661;53;Health;6;6;
906;On Sale;66;118385;11;Health;10;3;
907;On Sale;17;116463;100;Artist;8;4;
908;On Sale;1;161212;2;Artist;0;6;
909;Regular;16;172601;55;Marketing;4;6;
910;On Sale;52;167214;90;Constructor;8;7;
911;Regular;21;69644;31;Artist;5;1;
912;On Sale;19;120215;42;Constructor;7;2;
913;On Sale;29;180401;19;Engineer;7;6;
914;On Sale;40;113739;100;Artist;5;7;
915;Regular;76;111717;41;Health;1;2;
916;Regular;91;62808;20;Engineer;0;4;
917;On Sale;24;67582;21;Artist;1;3;
918;Regular;4;96543;52;Artist;0;1;
919;Regular;90;89667;81;Artist;0;2;
920;On Sale;56;98980;61;Engineer;0;1;
921;Regular;14;124998;17;Lawyer;1;3;
922;Regular;52;189091;24;Artist;0;6;
923;On Sale;14;153842;13;Artist;1;3;
924;Regular;30;106314;28;Artist;0;7;
925;On Sale;70;62901;68;Artist;8;5;
926;Regular;14;149618;78;Health;4;6;
927;On Sale;95;72068;93;Health;0;6;
928;Regular;25;81367;87;;0;3;
929;On Sale;95;118575;18;Entertainment;1;3;
930;On Sale;12;82382;93;Executive;1;3;
931;Regular;82;114776;74;Entertainment;10;3;
932;On Sale;2;145597;69;Artist;0;6;
933;Regular;51;162072;86;Engineer;1;1;
934;Regular;63;172872;11;Health;0;7;
935;On Sale;30;182162;14;Artist;1;3;
936;On Sale;68;71467;89;Artist;5;7;
937;On Sale;21;85568;1;Health;0;6;
938;On Sale;99;56851;80;Entertainment;6;3;
939;On Sale;0;116782;61;Artist;0;5;
940;On Sale;80;67781;13;Entertainment;4;4;
941;On Sale;51;70152;25;Health;0;2;
942;Regular;18;185861;94;Artist;3;6;
943;Regular;43;162595;29;Artist;3;3;
944;On Sale;29;80098;57;Lawyer;10;6;
945;On Sale;20;184801;4;Lawyer;1;1;
946;On Sale;39;58908;45;Artist;6;6;
947;On Sale;9;146011;43;Marketing;0;5;
948;On Sale;45;135174;47;Artist;9;4;
949;On Sale;65;114244;72;Artist;0;1;
950;On Sale;64;157207;48;Health;0;4;
951;On Sale;81;128834;31;Entertainment;5;4;
952;Regular;54;51166;36;Entertainment;0;7;
953;On Sale;32;130118;44;Artist;0;4;
954;Regular;29;87014;78;Doctor;11;4;
955;On Sale;25;111379;100;Artist;0;2;
956;Regular;5;83704;74;Entertainment;0;1;
957;On Sale;55;90558;45;Health;8;2;
958;Regular;12;187343;14;Health;6;3;
959;On Sale;81;111174;56;Entertainment;9;6;
960;Regular;87;64461;63;Engineer;4;4;
961;Regular;12;109618;100;Artist;7;3;
962;Regular;91;189357;4;Lawyer;7;1;
963;On Sale;63;120955;87;Artist;6;1;
964;On Sale;97;168898;50;Constructor;8;7;
965;Regular;89;130431;52;Health;6;3;
966;Regular;59;161091;56;Engineer;9;1;
967;On Sale;26;69988;1;Constructor;5;4;
968;On Sale;5;169702;67;Doctor;0;1;
969;Regular;32;186897;49;Health;1;7;
970;On Sale;98;109061;37;Engineer;6;1;
971;Regular;31;188620;42;Artist;3;6;
972;On Sale;59;108675;65;Artist;4;5;
973;On Sale;80;177601;42;Entertainment;0;2;
974;On Sale;12;87365;6;Marketing;1;2;
975;Regular;80;95929;23;Engineer;0;2;
976;Regular;59;97185;99;Entertainment;0;5;
977;On Sale;56;103838;25;Artist;1;2;
978;Regular;18;129260;11;Doctor;1;3;
979;On Sale;66;151184;27;Artist;1;4;
980;On Sale;67;177512;58;Engineer;2;3;
981;Regular;39;140099;51;Lawyer;0;7;
982;Regular;23;67535;97;Health;7;6;
983;Regular;47;133236;61;Executive;1;6;
984;On Sale;41;87975;1;Constructor;9;7;
985;On Sale;40;164350;19;Health;0;5;
986;Regular;36;55109;65;Artist;8;3;
987;On Sale;12;67613;48;Entertainment;1;2;
988;On Sale;60;185306;55;Entertainment;0;2;
989;On Sale;24;154787;80;Executive;3;5;
990;On Sale;17;109759;100;Artist;9;3;
991;On Sale;92;114571;47;Executive;1;3;
992;Regular;32;130697;100;Artist;1;2;
993;Regular;39;115916;31;Doctor;13;6;
994;On Sale;50;69814;61;Artist;9;2;
995;On Sale;85;118161;70;Engineer;0;4;
996;Regular;65;56583;65;Health;2;3;
997;On Sale;17;185843;44;Artist;4;3;
998;On Sale;31;171825;37;Entertainment;10;4;
999;Regular;24;77976;100;Artist;11;3;
1000;Regular;97;66312;87;Entertainment;0;1;
1001;On Sale;92;81839;19;Entertainment;0;4;
1002;On Sale;80;55712;13;Artist;5;6;
1003;Regular;33;158335;45;Health;2;5;
1004;Regular;8;74253;18;Lawyer;0;6;
1005;Regular;67;119625;3;Health;4;4;
1006;On Sale;8;129743;1;Artist;0;2;
1007;On Sale;61;101007;56;Lawyer;0;6;
1008;Regular;83;87529;61;Artist;9;7;
1009;Regular;8;151648;71;Health;0;6;
1010;Regular;69;61637;67;;0;5;
1011;Regular;14;164659;71;Entertainment;1;6;
1012;On Sale;80;125623;58;Executive;0;4;
1013;On Sale;85;104054;30;Artist;8;4;
1014;Regular;88;83535;68;Artist;1;5;
1015;On Sale;76;166245;9;Executive;7;3;
1016;On Sale;32;100890;68;Entertainment;4;4;
1017;On Sale;99;55972;91;Entertainment;1;7;
1018;On Sale;85;134282;47;Artist;2;5;
1019;On Sale;25;106669;18;Lawyer;1;7;
1020;On Sale;99;145777;90;Executive;1;5;
1021;Regular;41;119259;91;Health;1;5;
1022;On Sale;1;150174;47;Artist;0;2;
1023;On Sale;45;55472;47;Health;1;3;
1024;Regular;55;99423;82;Health;0;5;
1025;On Sale;20;146221;26;Marketing;0;3;
1026;On Sale;33;84238;39;Artist;1;2;
1027;Regular;92;57032;87;Entertainment;1;5;
1028;Regular;93;88811;52;Engineer;0;4;
1029;Regular;60;167420;50;Artist;5;2;
1030;Regular;38;101846;17;Doctor;3;2;
1031;Regular;15;114061;99;Artist;2;5;
1032;Regular;74;147449;28;Artist;1;5;
1033;On Sale;47;83043;72;Executive;0;1;
1034;On Sale;96;168990;77;Doctor;9;5;
1035;Regular;97;73867;65;Health;4;5;
1036;On Sale;35;165772;47;Health;1;4;
1037;On Sale;19;178217;39;Marketing;0;3;
1038;Regular;60;162612;98;Engineer;1;6;
1039;Regular;37;99872;72;Entertainment;11;3;
1040;On Sale;49;142566;85;Artist;1;7;
1041;On Sale;1;111424;68;Entertainment;0;5;
1042;Regular;43;187841;50;Artist;1;4;
1043;On Sale;46;171921;58;Artist;1;6;
1044;On Sale;65;115299;95;Artist;6;3;
1045;Regular;75;94129;27;Health;6;7;
1046;Regular;40;172378;51;Entertainment;5;6;
1047;Regular;28;146597;31;Engineer;1;4;
1048;On Sale;78;64057;40;Doctor;0;3;
1049;On Sale;22;163585;57;Artist;9;5;
1050;Regular;6;93186;75;Entertainment;0;3;
1051;Regular;46;149764;13;Entertainment;0;6;
1052;Regular;17;116822;84;Doctor;1;3;
1053;On Sale;46;109346;45;Entertainment;1;2;
1054;On Sale;72;111587;100;Artist;7;4;
1055;On Sale;38;166644;74;Artist;8;6;
1056;On Sale;50;181270;64;Artist;1;1;
1057;Regular;47;65207;81;Health;1;2;
1058;On Sale;72;112146;17;Constructor;8;4;
1059;Regular;8;104953;30;Doctor;0;6;
1060;On Sale;34;139009;32;Artist;0;4;
1061;On Sale;53;67916;78;Health;0;6;
1062;On Sale;82;99983;84;Executive;0;1;
1063;Regular;63;131122;52;Artist;9;6;
1064;On Sale;58;173190;33;Doctor;9;4;
1065;Regular;23;122712;26;Marketing;1;1;
1066;On Sale;80;55792;38;Artist;1;6;
1067;Regular;45;73892;45;Doctor;1;4;
1068;On Sale;30;78821;42;;1;4;
1069;On Sale;84;152475;20;Artist;0;7;
1070;Regular;45;152226;99;Artist;4;4;
1071;Regular;85;117679;30;Entertainment;1;3;
1072;Regular;23;146473;99;Artist;1;4;
1073;Regular;79;66051;75;Health;1;7;
1074;Regular;47;162332;84;Entertainment;1;5;
1075;On Sale;93;166018;67;Doctor;0;3;
1076;On Sale;95;67398;89;Entertainment;2;5;
1077;Regular;44;73760;82;Entertainment;1;6;
1078;Regular;95;167578;78;Entertainment;0;1;
1079;Regular;28;130267;45;Engineer;8;4;
1080;Regular;91;94846;95;Engineer;0;5;
1081;On Sale;81;155396;1;Engineer;9;5;
1082;On Sale;90;138013;24;Artist;8;7;
1083;Regular;79;148286;89;Entertainment;0;4;
1084;On Sale;6;101031;16;Artist;0;1;
1085;On Sale;38;52884;20;Lawyer;1;1;
1086;Regular;87;153230;15;Health;8;1;
1087;On Sale;93;63261;9;Engineer;1;7;
1088;Regular;44;90167;84;Engineer;0;3;
1089;On Sale;10;162076;47;;0;3;
1090;On Sale;84;53622;35;Artist;0;3;
1091;On Sale;7;172913;63;Executive;0;4;
1092;On Sale;41;94316;94;Artist;0;6;
1093;Regular;87;141383;3;;7;5;
1094;On Sale;33;67874;63;Artist;0;2;
1095;On Sale;34;176554;58;Health;1;2;
1096;On Sale;53;135341;59;Health;10;2;
1097;On Sale;47;129019;53;Health;0;3;
1098;Regular;53;107879;3;Doctor;1;6;
1099;Regular;92;79531;16;Artist;1;1;
1100;Regular;89;63379;78;Artist;12;7;
1101;On Sale;27;156258;62;Entertainment;0;4;
1102;Regular;70;67874;53;Entertainment;9;3;
1103;On Sale;86;159964;53;Engineer;5;6;
1104;On Sale;99;103706;58;Entertainment;1;2;
1105;On Sale;96;64713;92;Entertainment;2;7;
1106;On Sale;65;90414;63;Artist;1;5;
1107;On Sale;82;171100;30;Executive;0;5;
1108;Regular;36;187305;85;Engineer;6;7;
1109;On Sale;30;139758;42;Lawyer;0;6;
1110;On Sale;96;91226;52;Health;0;5;
1111;On Sale;69;143928;26;Engineer;9;7;
1112;On Sale;34;92366;10;Health;0;6;
1113;Regular;74;175041;37;Artist;4;1;
1114;Regular;97;147301;93;Lawyer;1;5;
1115;Regular;56;119296;49;Engineer;0;7;
1116;On Sale;30;126306;52;Artist;0;1;
1117;Regular;13;100647;49;Executive;1;3;
1118;On Sale;95;168663;19;Engineer;11;5;
1119;On Sale;2;105391;11;Executive;0;7;
1120;On Sale;78;175179;39;Executive;9;4;
1121;On Sale;54;165019;20;Entertainment;1;2;
1122;On Sale;85;68212;22;Health;7;4;
1123;Regular;13;64572;83;Artist;1;2;
1124;On Sale;85;92591;100;Artist;8;2;
1125;On Sale;41;69730;100;Artist;1;4;
1126;On Sale;25;156793;58;Marketing;2;4;
1127;On Sale;74;56848;49;Artist;5;1;
1128;Regular;8;148450;28;Health;0;6;
1129;Regular;62;150619;51;Artist;10;6;
1130;Regular;52;100261;22;Artist;1;6;
1131;On Sale;36;109895;52;Health;5;2;
1132;Regular;11;152684;24;Lawyer;0;3;
1133;On Sale;84;133765;91;Artist;1;3;
1134;On Sale;99;57677;95;Lawyer;0;5;
1135;On Sale;51;112358;35;Artist;0;6;
1136;On Sale;57;73845;60;Artist;1;7;
1137;Regular;92;89531;42;Health;6;2;
1138;Regular;29;118092;100;Entertainment;7;3;
1139;Regular;62;144242;61;Entertainment;1;4;
1140;On Sale;43;140876;98;Entertainment;0;4;
1141;Regular;72;76888;31;Marketing;0;1;
1142;On Sale;28;116644;96;Artist;6;3;
1143;On Sale;57;143021;1;Executive;5;4;
1144;On Sale;86;145679;87;Lawyer;9;6;
1145;On Sale;26;64398;3;Lawyer;1;6;
1146;On Sale;13;104512;41;Marketing;9;3;
1147;Regular;1;71564;60;Artist;0;5;
1148;On Sale;89;122707;60;Constructor;2;3;
1149;On Sale;91;51733;92;Health;0;5;
1150;On Sale;67;138087;64;Marketing;1;7;
1151;Regular;63;147278;51;Lawyer;0;4;
1152;On Sale;90;187339;58;Health;0;6;
1153;On Sale;87;129972;93;Executive;1;6;
1154;On Sale;89;151176;51;Health;1;2;
1155;On Sale;34;74358;68;Artist;0;6;
1156;Regular;89;83953;82;Health;0;3;
1157;Regular;31;62925;24;Engineer;1;6;
1158;Regular;55;65257;93;Doctor;2;3;
1159;On Sale;3;188557;1;Health;0;2;
1160;Regular;64;163783;84;Health;3;1;
1161;On Sale;1;108342;66;Doctor;0;3;
1162;On Sale;20;155951;17;Health;7;4;
1163;On Sale;18;183071;37;Artist;7;4;
1164;On Sale;83;124104;16;Health;4;6;
1165;On Sale;21;136747;1;Health;1;1;
1166;Regular;19;189498;30;Artist;4;1;
1167;On Sale;74;76149;56;Artist;9;6;
1168;On Sale;44;185550;62;Artist;0;1;
1169;On Sale;52;119567;27;Artist;5;2;
1170;On Sale;14;79806;26;Engineer;1;6;
1171;Regular;10;180774;58;Entertainment;0;5;
1172;On Sale;80;90142;46;Lawyer;1;2;
1173;On Sale;82;184481;80;Executive;0;2;
1174;On Sale;32;66089;83;Artist;6;3;
1175;On Sale;16;60044;91;Artist;4;1;
1176;Regular;61;52543;23;Executive;0;6;
1177;Regular;57;50429;35;Artist;0;1;
1178;Regular;95;178228;45;Engineer;1;2;
1179;On Sale;38;161130;100;Artist;8;3;
1180;Regular;70;87976;38;Lawyer;1;6;
1181;On Sale;40;179150;99;Artist;5;2;
1182;On Sale;92;163442;28;Executive;1;6;
1183;On Sale;73;108159;26;Entertainment;8;7;
1184;On Sale;62;73419;10;Health;0;1;
1185;On Sale;12;138425;81;Doctor;11;6;
1186;Regular;65;54431;93;Health;1;7;
1187;On Sale;88;168437;89;Artist;2;2;
1188;On Sale;55;71322;62;Entertainment;1;6;
1189;On Sale;99;122548;10;;2;5;
1190;On Sale;20;141428;40;Entertainment;1;5;
1191;Regular;97;142214;44;Artist;7;4;
1192;On Sale;93;62590;51;Artist;9;6;
1193;Regular;84;172523;95;Artist;6;2;
1194;On Sale;16;157588;72;Executive;2;6;
1195;On Sale;10;143313;26;Doctor;0;7;
1196;On Sale;59;119833;34;Doctor;1;2;
1197;On Sale;54;70803;43;Entertainment;0;5;
1198;Regular;82;139008;59;Artist;1;4;
1199;Regular;83;126669;65;Artist;1;6;
1200;Regular;87;122722;10;Executive;9;4;
1201;Regular;1;79800;39;Artist;0;1;
1202;Regular;89;100155;5;Health;6;1;
1203;On Sale;32;110846;57;Artist;0;2;
1204;On Sale;1;106841;57;Entertainment;0;3;
1205;On Sale;54;117181;69;Doctor;12;5;
1206;On Sale;56;86898;72;Health;0;6;
1207;On Sale;31;143241;77;Executive;4;7;
1208;On Sale;26;146028;29;Health;0;5;
1209;Regular;7;165287;38;Doctor;0;3;
1210;On Sale;60;132486;17;Artist;1;2;
1211;Regular;92;96424;86;Artist;8;5;
1212;On Sale;93;151468;49;Artist;1;5;
1213;On Sale;8;76561;48;Health;0;1;
1214;On Sale;81;125316;77;Lawyer;0;6;
1215;Regular;21;109373;34;Entertainment;4;2;
1216;Regular;96;135042;24;Artist;0;7;
1217;On Sale;78;59784;89;Artist;3;3;
1218;Regular;86;140687;75;Artist;1;2;
1219;Regular;1;182927;28;Health;0;1;
1220;On Sale;62;175534;52;Artist;1;6;
1221;Regular;68;170957;6;Lawyer;1;3;
1222;Regular;70;81197;88;Artist;0;4;
1223;On Sale;21;104888;4;Health;0;4;
1224;Regular;74;184838;18;;8;5;
1225;On Sale;62;139588;62;Executive;0;2;
1226;Regular;22;126543;45;Constructor;0;3;
1227;On Sale;87;177260;60;Entertainment;14;2;
1228;Regular;44;156823;42;Health;9;5;
1229;On Sale;27;183201;48;Engineer;8;6;
1230;On Sale;95;84925;54;Artist;4;6;
1231;Regular;89;69719;59;Artist;9;2;
1232;On Sale;41;61355;9;Health;1;3;
1233;Regular;41;156014;56;Doctor;14;5;
1234;Regular;21;184088;40;Entertainment;11;7;
1235;On Sale;59;158372;100;Artist;1;1;
1236;On Sale;64;135742;63;Health;1;7;
1237;On Sale;38;145704;83;Marketing;0;4;
1238;On Sale;70;157307;19;Executive;4;3;
1239;On Sale;25;88064;69;Executive;1;5;
1240;On Sale;3;167226;28;Constructor;0;1;
1241;On Sale;70;153821;9;Marketing;1;4;
1242;Regular;29;170669;78;Doctor;9;5;
1243;Regular;88;93555;25;Artist;3;3;
1244;On Sale;20;101941;14;Health;1;3;
1245;On Sale;58;78795;40;Engineer;0;6;
1246;On Sale;70;55875;90;Engineer;0;5;
1247;On Sale;44;177513;77;Lawyer;1;5;
1248;On Sale;87;100850;79;Doctor;0;3;
1249;On Sale;0;143082;51;Entertainment;0;7;
1250;On Sale;96;85447;13;Artist;9;6;
1251;On Sale;75;114213;29;Doctor;9;4;
1252;Regular;14;161120;69;Executive;0;1;
1253;On Sale;8;186682;74;Entertainment;0;1;
1254;Regular;58;105302;75;Doctor;0;3;
1255;On Sale;5;133400;16;Engineer;0;6;
1256;Regular;70;56432;23;Engineer;0;5;
1257;On Sale;49;136467;68;Health;3;3;
1258;Regular;60;189945;20;Engineer;0;5;
1259;On Sale;25;163966;44;Lawyer;1;5;
1260;Regular;47;52152;29;Artist;0;3;
1261;Regular;53;145720;69;Constructor;12;7;
1262;Regular;24;188034;61;Health;1;5;
1263;On Sale;46;127911;1;Constructor;9;2;
1264;On Sale;70;174114;27;Lawyer;1;1;
1265;Regular;53;144489;46;Artist;14;3;
1266;Regular;63;77440;47;Lawyer;0;5;
1267;On Sale;24;86119;52;Artist;1;6;
1268;On Sale;5;100056;37;Entertainment;0;3;
1269;Regular;7;66686;42;Artist;0;7;
1270;On Sale;71;74696;37;Doctor;1;6;
1271;Regular;23;65641;62;Entertainment;4;5;
1272;On Sale;0;61228;69;Entertainment;0;6;
1273;On Sale;2;138529;56;Health;0;4;
1274;On Sale;72;152405;13;Artist;1;4;
1275;Regular;18;157757;84;Doctor;0;4;
1276;Regular;11;166361;59;Engineer;6;4;
1277;On Sale;95;67227;38;Artist;1;7;
1278;Regular;20;161156;88;Engineer;0;4;
1279;On Sale;58;170647;66;Health;1;7;
1280;On Sale;67;161646;32;Health;0;2;
1281;Regular;43;98016;18;Health;9;6;
1282;Regular;36;50526;31;Artist;0;6;
1283;Regular;2;175208;16;Executive;0;4;
1284;On Sale;35;97721;44;Engineer;0;7;
1285;On Sale;81;142013;89;Entertainment;3;4;
1286;Regular;84;166737;88;Artist;0;3;
1287;On Sale;18;62651;21;Entertainment;0;2;
1288;On Sale;54;179546;1;Constructor;8;4;
1289;On Sale;98;51866;96;Artist;12;7;
1290;On Sale;75;86297;38;Executive;9;4;
1291;On Sale;98;65031;31;Artist;0;4;
1292;Regular;94;69383;37;Entertainment;0;2;
1293;Regular;24;70733;75;Artist;5;3;
1294;On Sale;47;187898;97;Artist;6;2;
1295;On Sale;40;116001;51;Engineer;1;4;
1296;Regular;68;87040;16;Artist;9;1;
1297;On Sale;18;180956;82;Artist;2;2;
1298;On Sale;83;115517;78;Health;0;6;
1299;Regular;34;76979;46;Lawyer;1;3;
1300;Regular;81;50798;75;Artist;10;5;
1301;On Sale;61;146350;51;Artist;1;3;
1302;On Sale;77;81112;57;Health;5;3;
1303;Regular;52;80605;20;Doctor;1;6;
1304;Regular;40;171949;11;Doctor;1;6;
1305;Regular;93;159006;38;Artist;8;6;
1306;On Sale;45;177368;92;Health;1;2;
1307;On Sale;83;187643;13;Artist;1;1;
1308;Regular;23;93841;25;Lawyer;0;7;
1309;Regular;15;131061;92;Health;0;7;
1310;Regular;79;146130;32;Entertainment;6;6;
1311;Regular;80;84471;79;Doctor;1;5;
1312;On Sale;35;144485;23;Entertainment;0;4;
1313;On Sale;39;158638;74;Health;2;5;
1314;Regular;4;96693;20;Entertainment;0;4;
1315;On Sale;83;129507;89;Health;4;7;
1316;On Sale;94;114510;35;Health;0;4;
1317;On Sale;33;109396;13;;1;2;
1318;On Sale;12;149031;100;Artist;10;5;
1319;On Sale;77;66256;9;Lawyer;1;2;
1320;On Sale;48;118285;65;Doctor;8;4;
1321;Regular;97;128723;70;Artist;4;5;
1322;On Sale;28;178285;99;Artist;4;7;
1323;On Sale;99;144176;75;Marketing;7;2;
1324;Regular;27;82474;43;Artist;9;3;
1325;On Sale;95;159010;80;Lawyer;6;2;
1326;On Sale;6;76164;71;Artist;0;2;
1327;Regular;18;77873;49;Executive;6;5;
1328;Regular;42;53392;100;Artist;6;4;
1329;Regular;50;168898;53;Artist;9;7;
1330;Regular;86;128917;7;Constructor;5;5;
1331;Regular;69;185067;49;Lawyer;5;4;
1332;Regular;23;132183;95;Artist;10;3;
1333;On Sale;82;82060;42;Health;7;1;
1334;On Sale;97;133614;66;Artist;7;4;
1335;Regular;42;94844;64;;7;6;
1336;On Sale;75;76474;1;Doctor;5;5;
1337;On Sale;14;94655;5;Health;8;1;
1338;Regular;3;60933;3;Doctor;0;1;
1339;Regular;16;79257;82;Health;6;2;
1340;On Sale;45;125677;44;Entertainment;5;2;
1341;On Sale;23;127971;64;Artist;1;5;
1342;Regular;38;76103;62;Executive;9;3;
1343;On Sale;45;114741;100;Artist;0;5;
1344;On Sale;82;157994;100;Artist;1;1;
1345;Regular;73;93786;56;Entertainment;3;1;
1346;Regular;36;75178;53;Entertainment;1;7;
1347;Regular;13;175267;81;Health;1;4;
1348;On Sale;96;99263;96;Health;8;1;
1349;On Sale;83;52590;1;Health;0;4;
1350;Regular;33;170959;87;Artist;0;4;
1351;Regular;68;135076;60;Engineer;1;5;
1352;Regular;88;167112;34;Lawyer;0;1;
1353;On Sale;87;184639;8;Doctor;1;6;
1354;On Sale;88;172369;88;Artist;6;6;
1355;On Sale;43;124256;68;Marketing;1;7;
1356;On Sale;64;89972;100;Artist;10;6;
1357;Regular;96;67799;54;Entertainment;1;6;
1358;On Sale;72;176074;66;Doctor;1;7;
1359;Regular;48;167517;39;Artist;2;7;
1360;On Sale;64;77914;19;Artist;1;6;
1361;On Sale;8;57605;50;Doctor;0;2;
1362;On Sale;52;86365;66;Engineer;1;7;
1363;Regular;3;93883;12;Health;0;2;
1364;On Sale;44;131091;70;Artist;4;1;
1365;Regular;14;87222;14;Health;8;4;
1366;On Sale;50;117076;41;Doctor;1;2;
1367;Regular;53;150925;1;Health;1;2;
1368;On Sale;31;149379;96;Lawyer;0;3;
1369;On Sale;31;138644;90;Engineer;4;3;
1370;Regular;97;148493;42;Doctor;4;7;
1371;Regular;27;84658;66;Lawyer;4;6;
1372;Regular;2;111618;72;Lawyer;0;5;
1373;Regular;81;108759;72;Artist;7;6;
1374;Regular;64;186203;92;Artist;10;5;
1375;On Sale;11;147258;62;Lawyer;10;2;
1376;On Sale;78;132983;63;Health;7;7;
1377;Regular;72;149092;39;Engineer;8;1;
1378;Regular;36;163845;84;Doctor;5;7;
1379;Regular;97;117777;79;Artist;5;5;
1380;Regular;88;131584;30;Artist;7;3;
1381;On Sale;21;123904;99;Artist;7;5;
1382;On Sale;62;89801;96;Artist;5;4;
1383;Regular;73;173466;76;Entertainment;10;5;
1384;On Sale;34;55690;6;Marketing;4;6;
1385;On Sale;50;104467;68;;5;1;
1386;Regular;39;100419;31;Artist;5;4;
1387;On Sale;82;62951;43;Lawyer;8;2;
1388;Regular;39;118554;1;Lawyer;4;6;
1389;On Sale;13;140673;57;Artist;6;7;
1390;On Sale;68;75561;83;Health;5;3;
1391;On Sale;77;147306;46;Health;6;6;
1392;On Sale;35;111871;33;Doctor;10;1;
1393;Regular;5;112884;16;Health;0;6;
1394;On Sale;47;121267;54;Engineer;1;1;
1395;On Sale;48;151519;100;Artist;7;2;
1396;On Sale;34;105448;48;Artist;0;5;
1397;On Sale;20;92048;87;Health;1;1;
1398;Regular;61;99980;100;Health;10;1;
1399;Regular;16;84003;80;Artist;9;6;
1400;Regular;2;110889;68;Executive;0;2;
1401;On Sale;52;82478;98;Executive;10;1;
1402;Regular;99;139685;20;Health;1;4;
1403;On Sale;84;182374;70;Entertainment;0;6;
1404;On Sale;58;119366;90;Engineer;4;2;
1405;On Sale;91;53788;53;Doctor;0;2;
1406;On Sale;1;90341;61;Doctor;0;2;
1407;On Sale;67;118348;90;Engineer;1;7;
1408;Regular;56;137428;99;Artist;0;2;
1409;On Sale;62;106982;61;Entertainment;1;7;
1410;On Sale;12;98532;48;Doctor;0;6;
1411;On Sale;38;120825;20;Executive;9;7;
1412;On Sale;51;58006;79;Executive;1;5;
1413;Regular;20;106941;85;Artist;1;1;
1414;Regular;43;129782;43;Entertainment;1;2;
1415;Regular;93;121513;90;Engineer;0;6;
1416;On Sale;54;79925;26;Health;0;3;
1417;Regular;23;112089;74;Health;7;7;
1418;On Sale;1;138656;1;;0;4;
1419;On Sale;64;146794;86;Health;8;3;
1420;On Sale;55;75033;26;Engineer;5;5;
1421;On Sale;85;149969;74;Executive;0;6;
1422;On Sale;20;124852;35;Health;5;5;
1423;Regular;73;154837;42;Executive;8;4;
1424;On Sale;53;145678;51;Executive;0;1;
1425;On Sale;7;137354;77;Artist;0;7;
1426;On Sale;50;136660;56;Entertainment;1;3;
1427;On Sale;12;63334;100;Artist;0;6;
1428;Regular;37;62893;29;Executive;1;5;
1429;Regular;78;163514;89;Doctor;9;2;
1430;Regular;29;145934;52;Marketing;10;2;
1431;On Sale;54;119223;61;Lawyer;10;7;
1432;Regular;89;127479;25;Doctor;10;2;
1433;On Sale;25;136146;100;Artist;6;6;
1434;On Sale;14;76001;54;Artist;7;3;
1435;On Sale;12;84885;20;Health;6;2;
1436;On Sale;18;82812;13;Artist;6;2;
1437;Regular;74;51260;55;Entertainment;5;5;
1438;Regular;21;159572;42;Health;5;5;
1439;Regular;9;130186;80;Artist;0;7;
1440;On Sale;49;176954;65;Artist;5;6;
1441;Regular;58;85908;100;Artist;5;4;
1442;On Sale;16;75831;8;Health;10;7;
1443;On Sale;55;123045;52;Engineer;7;3;
1444;On Sale;31;161211;6;Lawyer;9;1;
1445;On Sale;59;81702;28;Marketing;6;4;
1446;On Sale;25;173043;13;Artist;8;6;
1447;Regular;63;126380;100;Artist;6;1;
1448;On Sale;60;128205;23;Health;6;5;
1449;On Sale;41;181355;88;Artist;10;3;
1450;On Sale;84;97931;66;Health;9;7;
1451;Regular;72;146432;37;Artist;6;1;
1452;On Sale;97;125731;49;Artist;6;4;
1453;On Sale;43;132701;66;Health;5;2;
1454;On Sale;63;116095;16;Artist;5;1;
1455;On Sale;7;135773;30;Artist;0;5;
1456;Regular;54;136417;45;Health;9;6;
1457;Regular;27;80783;94;Artist;9;3;
1458;Regular;28;182580;60;Executive;6;6;
1459;On Sale;84;143567;56;Artist;7;2;
1460;Regular;71;85908;97;Entertainment;5;4;
1461;On Sale;88;139806;100;Entertainment;4;4;
1462;On Sale;75;77269;32;Artist;8;1;
1463;On Sale;96;105968;61;Engineer;4;5;
1464;On Sale;83;125660;22;Engineer;10;4;
1465;On Sale;86;98444;84;Entertainment;7;4;
1466;Regular;60;179503;21;Artist;4;3;
1467;On Sale;5;60575;1;Engineer;0;2;
1468;On Sale;65;75685;20;Marketing;7;3;
1469;On Sale;49;85374;53;Artist;8;5;
1470;On Sale;78;128642;20;Marketing;5;6;
1471;Regular;25;182292;90;Artist;7;5;
1472;On Sale;5;124702;80;Artist;0;3;
1473;On Sale;58;127833;13;Artist;7;7;
1474;On Sale;80;178866;100;Artist;8;4;
1475;On Sale;94;183643;59;Artist;5;5;
1476;Regular;62;113306;4;Executive;5;6;
1477;Regular;20;84008;89;Artist;8;4;
1478;Regular;85;85758;42;Lawyer;10;4;
1479;On Sale;72;63128;41;Engineer;8;7;
1480;Regular;95;70174;13;Executive;10;6;
1481;On Sale;97;170133;38;Engineer;5;5;
1482;On Sale;25;165978;50;Artist;7;3;
1483;On Sale;17;149727;86;Artist;7;3;
1484;On Sale;19;147052;82;;9;4;
1485;On Sale;59;113389;75;Doctor;4;6;
1486;Regular;30;111690;92;Entertainment;10;4;
1487;On Sale;63;184830;56;Doctor;9;3;
1488;On Sale;23;91549;31;Artist;4;3;
1489;On Sale;97;94629;18;Marketing;6;3;
1490;On Sale;97;167558;100;Artist;4;7;
1491;Regular;94;119189;69;Artist;9;3;
1492;On Sale;28;96207;75;Artist;5;5;
1493;Regular;21;85339;6;Doctor;4;7;
1494;On Sale;25;111942;15;Artist;5;5;
1495;On Sale;48;157003;41;Engineer;5;4;
1496;On Sale;53;117123;31;Artist;9;7;
1497;On Sale;97;172747;84;Artist;7;2;
1498;Regular;33;157358;52;Health;7;4;
1499;Regular;5;156655;12;Entertainment;0;5;
1500;Regular;72;166043;93;Doctor;7;6;
1501;Regular;40;67768;22;Doctor;10;6;
1502;Regular;34;171353;34;Doctor;8;4;
1503;On Sale;63;116971;72;Executive;7;5;
1504;On Sale;85;97822;34;Doctor;5;3;
1505;On Sale;86;117203;86;Health;10;3;
1506;On Sale;63;88720;100;Artist;10;1;
1507;On Sale;9;173233;1;;0;1;
1508;On Sale;76;139447;44;Artist;8;7;
1509;Regular;19;179269;100;Entertainment;6;3;
1510;On Sale;84;136254;86;Engineer;5;6;
1511;Regular;38;174594;56;Executive;8;2;
1512;On Sale;1;100429;7;Entertainment;0;1;
1513;On Sale;30;73107;56;Artist;9;1;
1514;On Sale;86;98344;33;Artist;6;6;
1515;Regular;21;163509;28;Health;10;1;
1516;Regular;15;116204;16;Engineer;8;2;
1517;On Sale;87;95853;49;Health;9;1;
1518;Regular;40;156411;82;Artist;6;5;
1519;Regular;2;72889;9;Constructor;0;7;
1520;On Sale;63;106691;75;Health;9;3;
1521;Regular;26;144832;54;Artist;5;3;
1522;Regular;29;132297;65;Entertainment;8;1;
1523;On Sale;7;170345;1;Executive;0;5;
1524;Regular;28;157383;13;Lawyer;8;2;
1525;On Sale;99;150782;14;Executive;8;2;
1526;Regular;69;143987;94;Health;10;5;
1527;On Sale;13;129659;67;Entertainment;6;7;
1528;Regular;73;104826;36;Health;5;1;
1529;On Sale;4;181471;35;Health;0;4;
1530;On Sale;42;152547;64;Artist;7;4;
1531;Regular;43;85347;9;Doctor;1;1;
1532;On Sale;79;122828;28;Executive;0;5;
1533;Regular;18;107794;17;Engineer;0;5;
1534;Regular;39;152566;23;Entertainment;1;7;
1535;On Sale;41;91715;100;Entertainment;0;3;
1536;On Sale;60;99222;56;Artist;1;6;
1537;On Sale;39;70280;95;Engineer;0;4;
1538;On Sale;90;70030;82;Health;1;2;
1539;On Sale;83;102083;32;Artist;1;1;
1540;On Sale;92;166163;83;Engineer;8;5;
1541;On Sale;6;182871;1;Engineer;0;6;
1542;Regular;50;187545;61;Executive;4;6;
1543;Regular;90;182910;98;Entertainment;0;1;
1544;On Sale;13;174530;26;Lawyer;1;6;
1545;On Sale;27;115438;45;Artist;0;6;
1546;On Sale;93;93964;88;Artist;4;2;
1547;On Sale;61;180341;71;Health;1;3;
1548;On Sale;91;107323;1;Engineer;7;7;
1549;On Sale;79;119435;63;Entertainment;0;7;
1550;On Sale;80;68341;88;Artist;13;6;
1551;On Sale;16;95365;68;Artist;0;5;
1552;Regular;4;131093;52;Lawyer;0;7;
1553;On Sale;34;100621;1;Health;1;1;
1554;Regular;10;116521;20;Doctor;0;2;
1555;On Sale;3;136316;57;Executive;0;3;
1556;Regular;96;172039;51;Lawyer;0;6;
1557;On Sale;48;70844;30;Entertainment;0;3;
1558;Regular;25;100964;100;Marketing;1;6;
1559;On Sale;98;128037;47;Entertainment;6;2;
1560;Regular;84;97081;80;Marketing;1;3;
1561;Regular;88;92247;52;Marketing;0;6;
1562;Regular;86;129914;100;Artist;1;3;
1563;On Sale;0;94014;22;Engineer;0;5;
1564;On Sale;56;138864;100;Artist;0;5;
1565;Regular;6;169299;24;Marketing;0;5;
1566;Regular;2;119097;13;Health;0;7;
1567;On Sale;73;68161;19;Doctor;1;2;
1568;On Sale;38;181108;28;Constructor;1;1;
1569;Regular;37;87764;59;Engineer;9;7;
1570;On Sale;41;102543;62;Artist;7;3;
1571;Regular;94;139417;25;Artist;1;3;
1572;On Sale;57;81802;25;Constructor;9;1;
1573;On Sale;96;102788;59;Artist;0;1;
1574;On Sale;59;163179;15;Health;1;7;
1575;Regular;87;71318;22;Health;1;3;
1576;Regular;55;63683;34;Health;3;1;
1577;On Sale;16;189689;33;Health;8;5;
1578;Regular;82;121610;48;Artist;0;5;
1579;On Sale;83;150682;33;Artist;1;1;
1580;On Sale;96;124550;47;Marketing;0;3;
1581;Regular;55;148875;100;Artist;0;4;
1582;Regular;6;107117;36;Artist;0;3;
1583;Regular;33;109223;43;Engineer;1;5;
1584;On Sale;0;120899;1;Marketing;0;6;
1585;On Sale;27;101948;39;Artist;0;5;
1586;Regular;72;143169;58;Engineer;0;4;
1587;On Sale;13;167619;1;Health;7;6;
1588;On Sale;19;181795;55;Health;3;5;
1589;On Sale;48;186445;37;Engineer;0;1;
1590;On Sale;58;102205;32;Artist;1;1;
1591;On Sale;21;52326;65;Health;0;2;
1592;Regular;91;82992;17;Entertainment;1;5;
1593;Regular;44;145520;55;Constructor;1;7;
1594;On Sale;80;104820;100;Artist;2;4;
1595;On Sale;28;69025;87;Entertainment;0;2;
1596;Regular;74;164976;100;Entertainment;0;4;
1597;On Sale;79;178576;47;Executive;5;5;
1598;On Sale;42;72415;53;Marketing;0;5;
1599;Regular;80;112146;36;Entertainment;0;3;
1600;Regular;8;144830;35;Artist;0;1;
1601;On Sale;24;51661;87;Entertainment;0;7;
1602;On Sale;71;152910;98;Artist;1;6;
1603;Regular;1;114556;56;Entertainment;0;7;
1604;Regular;0;143455;35;Health;0;6;
1605;Regular;30;173096;92;Health;0;3;
1606;On Sale;52;121172;93;Health;5;4;
1607;On Sale;34;56492;11;Constructor;8;1;
1608;Regular;64;156422;51;Entertainment;1;7;
1609;Regular;17;131863;100;Artist;1;7;
1610;Regular;71;118096;36;Lawyer;0;3;
1611;Regular;87;149685;30;Executive;9;6;
1612;On Sale;68;89765;36;Artist;0;7;
1613;On Sale;14;177701;57;Entertainment;0;6;
1614;Regular;24;64738;79;Artist;0;6;
1615;On Sale;10;92734;1;Lawyer;0;4;
1616;On Sale;53;146877;43;Health;4;3;
1617;On Sale;39;62935;68;Artist;0;7;
1618;On Sale;16;67178;25;Entertainment;8;3;
1619;On Sale;64;115754;31;Engineer;1;3;
1620;On Sale;41;186470;29;Artist;0;7;
1621;Regular;16;100939;34;Health;7;6;
1622;On Sale;94;86172;63;Artist;4;4;
1623;On Sale;40;184222;13;Health;0;2;
1624;Regular;81;71543;13;Entertainment;1;4;
1625;On Sale;18;174836;59;Health;0;4;
1626;On Sale;78;130706;68;;3;6;
1627;Regular;8;74407;73;Doctor;0;6;
1628;Regular;64;130055;46;Health;2;1;
1629;Regular;45;88707;81;Health;0;5;
1630;Regular;99;162762;52;Health;1;1;
1631;Regular;59;154821;77;Doctor;0;2;
1632;Regular;53;57248;66;Lawyer;5;5;
1633;On Sale;66;99902;57;Engineer;10;2;
1634;On Sale;1;165711;38;Artist;0;2;
1635;Regular;73;97455;55;;6;4;
1636;On Sale;34;93866;51;Entertainment;9;2;
1637;On Sale;1;141307;1;Health;0;3;
1638;Regular;73;172011;9;Doctor;1;5;
1639;Regular;90;68138;18;Health;2;7;
1640;On Sale;32;123246;96;Constructor;8;6;
1641;On Sale;47;124194;28;Doctor;1;7;
1642;Regular;15;188696;87;Constructor;8;3;
1643;On Sale;78;91213;80;Lawyer;3;5;
1644;On Sale;83;166650;95;Health;1;3;
1645;Regular;2;52727;52;Artist;0;3;
1646;Regular;75;126469;98;Entertainment;1;2;
1647;Regular;45;138775;17;Executive;0;7;
1648;On Sale;49;68901;66;Doctor;7;7;
1649;On Sale;41;118621;3;Constructor;0;7;
1650;Regular;34;109263;89;Entertainment;0;1;
1651;Regular;82;150012;83;Health;3;6;
1652;Regular;37;133850;90;Marketing;9;3;
1653;On Sale;25;81640;100;Entertainment;1;6;
1654;On Sale;52;133214;6;Marketing;9;7;
1655;On Sale;23;186723;50;Entertainment;8;5;
1656;On Sale;96;92100;31;Artist;9;3;
1657;Regular;5;64484;1;Constructor;0;5;
1658;On Sale;47;69024;1;Health;4;5;
1659;Regular;81;171194;67;Artist;0;5;
1660;On Sale;4;183282;22;Artist;0;1;
1661;On Sale;8;100099;43;Health;0;3;
1662;On Sale;35;164435;22;Lawyer;1;3;
1663;Regular;67;172407;60;Doctor;9;3;
1664;On Sale;9;84781;1;Executive;0;3;
1665;Regular;82;186130;61;Lawyer;3;7;
1666;On Sale;2;56782;1;Artist;0;5;
1667;Regular;95;137206;16;Artist;0;4;
1668;On Sale;9;146950;61;Doctor;0;5;
1669;On Sale;99;174275;1;Health;0;2;
1670;Regular;96;97705;41;Constructor;8;2;
1671;Regular;92;188984;69;Lawyer;1;4;
1672;Regular;24;119238;67;Artist;1;3;
1673;Regular;58;87923;31;Entertainment;0;5;
1674;Regular;15;128573;97;Executive;1;1;
1675;On Sale;13;132374;97;Marketing;0;3;
1676;On Sale;51;135164;83;Artist;9;3;
1677;Regular;9;165194;2;Artist;0;3;
1678;Regular;0;126060;65;Doctor;0;3;
1679;Regular;67;89366;55;Health;9;3;
1680;Regular;58;95172;77;Health;1;5;
1681;On Sale;55;95975;45;Executive;0;1;
1682;On Sale;52;165573;55;Health;0;7;
1683;Regular;83;180887;71;Entertainment;1;1;
1684;On Sale;83;142720;82;Executive;0;1;
1685;On Sale;90;113460;50;Lawyer;1;7;
1686;Regular;87;110434;32;Artist;7;3;
1687;On Sale;67;146016;46;Artist;1;6;
1688;Regular;81;101073;67;Executive;0;7;
1689;On Sale;36;62617;18;Artist;9;3;
1690;On Sale;51;96028;45;Artist;0;5;
1691;On Sale;31;186334;45;Artist;0;1;
1692;On Sale;57;163473;60;Artist;0;1;
1693;Regular;83;89819;71;Artist;4;2;
1694;On Sale;51;69388;29;Engineer;3;4;
1695;On Sale;15;134748;77;Marketing;1;6;
1696;On Sale;18;149915;97;Doctor;14;1;
1697;On Sale;88;104098;44;Health;1;6;
1698;Regular;70;80160;22;Artist;8;5;
1699;Regular;9;124125;80;Artist;0;2;
1700;Regular;6;170226;4;Lawyer;0;3;
1701;On Sale;8;53306;67;Engineer;0;2;
1702;Regular;55;103933;31;Executive;6;3;
1703;On Sale;69;85401;18;Entertainment;4;6;
1704;On Sale;18;53812;28;Constructor;9;5;
1705;On Sale;13;60771;58;Entertainment;1;7;
1706;On Sale;69;56398;83;Entertainment;8;3;
1707;On Sale;69;171118;87;Engineer;9;3;
1708;Regular;69;79806;73;Health;0;5;
1709;On Sale;89;150187;31;Health;0;5;
1710;On Sale;45;129455;10;Lawyer;0;3;
1711;On Sale;75;116813;87;Entertainment;10;6;
1712;On Sale;54;95734;35;Constructor;8;7;
1713;Regular;33;76654;60;Artist;4;1;
1714;Regular;67;86289;100;Artist;1;5;
1715;Regular;26;176147;19;Health;0;1;
1716;On Sale;5;142351;80;Entertainment;0;7;
1717;Regular;65;186673;51;Doctor;1;1;
1718;On Sale;94;131521;70;Artist;0;6;
1719;On Sale;95;50223;23;Entertainment;8;1;
1720;On Sale;48;74308;31;Entertainment;1;2;
1721;On Sale;41;155881;18;Lawyer;0;7;
1722;On Sale;92;168303;12;Executive;9;4;
1723;Regular;44;182748;58;Engineer;1;7;
1724;On Sale;35;52374;81;Artist;1;1;
1725;On Sale;34;86154;13;Doctor;1;2;
1726;On Sale;52;163612;47;Executive;0;5;
1727;On Sale;64;64756;25;Marketing;10;1;
1728;Regular;62;185257;70;Artist;1;4;
1729;Regular;58;78669;87;Artist;1;7;
1730;Regular;15;164520;59;Artist;1;7;
1731;On Sale;65;92135;45;Constructor;6;4;
1732;Regular;20;103195;68;Doctor;0;7;
1733;On Sale;21;161663;32;Executive;1;7;
1734;On Sale;79;57039;42;Artist;2;6;
1735;On Sale;91;54754;13;Artist;0;2;
1736;On Sale;92;136531;72;Engineer;1;4;
1737;Regular;62;120838;91;Artist;1;4;
1738;Regular;94;127927;48;Doctor;0;4;
1739;Regular;10;164214;50;Lawyer;0;4;
1740;On Sale;53;145498;74;Artist;8;4;
1741;Regular;7;129215;61;Entertainment;0;6;
1742;On Sale;92;152429;84;Entertainment;0;2;
1743;On Sale;12;89252;39;Entertainment;0;5;
1744;On Sale;31;147447;19;Doctor;6;7;
1745;On Sale;93;74467;29;Lawyer;5;1;
1746;On Sale;66;127410;33;Engineer;8;2;
1747;Regular;49;91290;44;Health;7;7;
1748;On Sale;64;92812;100;Artist;5;7;
1749;On Sale;27;170166;62;Artist;10;4;
1750;On Sale;33;150823;83;Artist;4;1;
1751;Regular;79;95839;30;Executive;7;2;
1752;On Sale;14;60175;56;Executive;9;7;
1753;On Sale;22;153024;100;Artist;10;7;
1754;On Sale;8;116858;55;Artist;0;7;
1755;On Sale;6;122961;16;Doctor;0;2;
1756;Regular;81;141471;57;Artist;8;6;
1757;Regular;69;76155;14;Health;8;7;
1758;Regular;0;108169;4;Executive;0;3;
1759;On Sale;61;139520;47;Artist;8;4;
1760;Regular;62;182631;64;Artist;5;3;
1761;On Sale;95;177134;81;Health;10;2;
1762;On Sale;32;181703;50;Lawyer;6;2;
1763;On Sale;13;61917;24;Artist;7;2;
1764;On Sale;1;140648;5;Executive;0;7;
1765;On Sale;63;176783;36;Doctor;9;4;
1766;Regular;75;59741;86;Artist;10;5;
1767;On Sale;43;156567;85;Engineer;7;6;
1768;On Sale;29;110309;29;Artist;6;2;
1769;On Sale;82;111077;63;Artist;9;7;
1770;On Sale;87;170333;100;Entertainment;4;2;
1771;Regular;66;183339;51;Artist;7;4;
1772;On Sale;99;84167;61;Artist;10;7;
1773;On Sale;54;184815;46;Lawyer;6;3;
1774;On Sale;49;122556;82;Artist;9;7;
1775;On Sale;60;174768;74;Entertainment;9;2;
1776;Regular;75;172309;82;Executive;4;1;
1777;Regular;77;117920;11;Doctor;10;4;
1778;Regular;34;134882;80;Artist;10;3;
1779;On Sale;63;77259;7;Lawyer;6;6;
1780;Regular;38;170019;50;Artist;7;2;
1781;On Sale;68;176884;97;Engineer;10;2;
1782;On Sale;80;106709;100;Marketing;10;2;
1783;On Sale;8;168723;1;Constructor;0;2;
1784;On Sale;86;90228;64;Engineer;7;5;
1785;On Sale;1;89473;61;Lawyer;0;4;
1786;Regular;56;131911;42;Health;7;7;
1787;On Sale;14;140107;64;Marketing;6;6;
1788;On Sale;4;170403;32;Artist;0;5;
1789;On Sale;58;51416;42;;7;5;
1790;On Sale;6;52648;1;Artist;0;2;
1791;Regular;17;125471;48;Engineer;7;1;
1792;On Sale;55;106153;77;Artist;10;1;
1793;Regular;14;124785;28;Lawyer;7;2;
1794;On Sale;22;101474;17;Constructor;10;2;
1795;On Sale;8;141359;34;Health;0;5;
1796;On Sale;70;57596;100;Artist;4;1;
1797;On Sale;67;78489;89;Artist;7;5;
1798;Regular;50;112957;71;Executive;5;3;
1799;Regular;72;82377;37;Engineer;9;2;
1800;Regular;76;82315;53;Engineer;6;1;
1801;Regular;80;93253;63;Artist;4;5;
1802;Regular;20;189650;60;Lawyer;8;4;
1803;On Sale;89;114858;68;Artist;10;1;
1804;On Sale;18;62151;26;Artist;8;2;
1805;On Sale;75;135159;8;Engineer;7;6;
1806;On Sale;5;126263;29;Marketing;0;3;
1807;On Sale;79;123064;56;Artist;10;4;
1808;On Sale;31;181773;36;Health;8;1;
1809;Regular;92;171794;77;Artist;6;5;
1810;On Sale;15;156339;23;Constructor;6;2;
1811;Regular;94;65483;96;Marketing;10;7;
1812;On Sale;35;145654;18;Executive;6;3;
1813;On Sale;68;91609;51;Entertainment;8;1;
1814;On Sale;29;53002;69;Lawyer;5;5;
1815;Regular;87;115699;61;Health;9;1;
1816;Regular;33;149609;44;Executive;9;2;
1817;On Sale;29;165254;3;Executive;9;7;
1818;Regular;43;50418;49;Health;5;1;
1819;Regular;43;103531;100;Artist;10;5;
1820;On Sale;66;184060;100;Artist;10;5;
1821;Regular;23;75961;70;Executive;5;7;
1822;Regular;87;174163;40;Artist;4;2;
1823;On Sale;81;105255;50;Executive;8;3;
1824;Regular;42;51860;4;Lawyer;4;5;
1825;On Sale;32;185218;79;Health;4;6;
1826;Regular;7;189709;10;Artist;0;6;
1827;On Sale;91;134665;74;Artist;7;2;
1828;Regular;95;91352;9;Doctor;7;3;
1829;On Sale;10;154623;9;Artist;0;6;
1830;On Sale;20;113767;96;Artist;6;2;
1831;Regular;5;160469;34;Lawyer;0;1;
1832;On Sale;84;99418;35;Artist;4;2;
1833;Regular;54;56215;41;Health;10;4;
1834;Regular;12;55639;63;Health;8;1;
1835;On Sale;90;62504;100;Artist;10;4;
1836;On Sale;19;151382;34;Lawyer;1;1;
1837;On Sale;91;156574;97;Marketing;0;7;
1838;On Sale;90;60998;43;Entertainment;1;7;
1839;On Sale;60;108509;32;Doctor;0;2;
1840;On Sale;68;85540;45;Constructor;9;1;
1841;On Sale;43;73915;62;Artist;11;2;
1842;Regular;52;148901;77;Health;4;4;
1843;Regular;81;152602;100;Entertainment;0;1;
1844;On Sale;54;58999;30;Entertainment;7;3;
1845;On Sale;43;133740;45;Artist;5;4;
1846;On Sale;20;113217;37;Lawyer;9;1;
1847;On Sale;71;60209;54;Artist;1;3;
1848;On Sale;26;145491;80;Entertainment;9;5;
1849;On Sale;75;61393;61;Doctor;7;5;
1850;On Sale;52;133252;63;Artist;1;1;
1851;On Sale;40;187234;10;Doctor;0;5;
1852;Regular;5;145563;52;Entertainment;0;6;
1853;On Sale;46;165810;34;Health;3;5;
1854;Regular;98;125181;42;Artist;0;7;
1855;On Sale;84;56809;92;Health;1;2;
1856;Regular;35;69419;68;Health;9;1;
1857;On Sale;78;70689;62;Artist;1;4;
1858;Regular;64;55011;65;Artist;1;7;
1859;On Sale;98;87955;75;Engineer;0;2;
1860;Regular;66;153660;24;Health;0;5;
1861;Regular;32;104494;28;Health;6;4;
1862;Regular;22;184443;44;Executive;3;7;
1863;On Sale;17;150778;43;Entertainment;1;7;
1864;On Sale;22;88729;77;Engineer;1;1;
1865;Regular;9;151902;10;Artist;0;2;
1866;Regular;24;51604;16;Artist;0;2;
1867;On Sale;8;157316;63;Artist;0;3;
1868;On Sale;52;125508;23;Artist;1;6;
1869;Regular;62;186157;54;Health;1;1;
1870;On Sale;37;169381;53;Entertainment;0;4;
1871;Regular;68;110195;47;Constructor;9;2;
1872;On Sale;63;81199;88;Entertainment;1;2;
1873;On Sale;15;58459;63;Executive;0;6;
1874;On Sale;44;173682;100;Artist;12;6;
1875;Regular;18;162983;28;Entertainment;0;6;
1876;Regular;30;94480;1;Executive;0;4;
1877;On Sale;69;168710;76;Doctor;1;4;
1878;Regular;16;150193;83;Engineer;2;2;
1879;On Sale;71;91823;82;Artist;1;4;
1880;On Sale;24;173091;32;Entertainment;6;2;
1881;Regular;57;102692;94;Health;0;2;
1882;Regular;97;156812;77;Health;0;6;
1883;Regular;68;51468;60;Artist;0;3;
1884;On Sale;11;114071;33;Health;0;2;
1885;On Sale;63;155638;77;;1;4;
1886;Regular;68;129971;73;Artist;8;3;
1887;On Sale;69;104160;73;Engineer;4;4;
1888;On Sale;77;124995;62;Health;0;1;
1889;On Sale;73;180437;58;Entertainment;1;5;
1890;On Sale;19;134644;92;Executive;1;2;
1891;On Sale;1;130089;55;Artist;0;5;
1892;Regular;71;149318;39;Artist;4;1;
1893;Regular;6;125591;52;Health;0;6;
1894;On Sale;68;173047;13;Health;0;3;
1895;On Sale;39;61298;99;Artist;0;5;
1896;Regular;75;132993;67;Entertainment;8;2;
1897;On Sale;65;72313;32;Lawyer;1;5;
1898;On Sale;30;84885;17;Entertainment;6;5;
1899;Regular;46;126228;100;Marketing;8;2;
1900;Regular;40;51199;29;Executive;7;7;
1901;On Sale;40;54631;78;Artist;0;6;
1902;On Sale;20;131810;12;Health;5;7;
1903;Regular;88;138482;64;Marketing;8;4;
1904;Regular;85;74081;87;Health;4;3;
1905;Regular;94;112426;54;Engineer;9;6;
1906;On Sale;52;164038;49;;5;4;
1907;On Sale;68;53552;98;Marketing;7;6;
1908;Regular;15;142147;90;Artist;8;4;
1909;Regular;4;180324;33;Artist;0;2;
1910;Regular;59;149067;78;Doctor;9;7;
1911;Regular;32;184408;50;Entertainment;6;7;
1912;On Sale;8;59116;40;Artist;0;6;
1913;On Sale;92;174786;90;Executive;4;3;
1914;Regular;9;71076;1;Artist;0;1;
1915;On Sale;41;56837;1;Health;8;4;
1916;On Sale;18;134752;43;Engineer;6;5;
1917;On Sale;78;112887;88;Entertainment;9;6;
1918;On Sale;0;73128;62;Artist;0;5;
1919;On Sale;11;152765;13;Health;8;1;
1920;On Sale;36;140637;15;Executive;8;7;
1921;Regular;46;137973;50;Health;7;7;
1922;On Sale;95;126791;42;Artist;6;4;
1923;On Sale;97;75125;85;Executive;8;3;
1924;Regular;2;101718;1;Executive;0;3;
1925;On Sale;94;69654;26;Constructor;4;4;
1926;On Sale;0;105935;15;Doctor;0;5;
1927;Regular;3;74607;42;Health;0;1;
1928;Regular;77;151985;29;Health;4;7;
1929;Regular;70;76892;64;Executive;5;2;
1930;Regular;58;87602;25;Executive;5;3;
1931;Regular;72;182317;46;Health;8;6;
1932;Regular;90;158280;92;Executive;6;7;
1933;On Sale;23;59905;75;;7;5;
1934;On Sale;87;128153;50;Artist;7;6;
1935;Regular;64;142612;58;Doctor;4;6;
1936;On Sale;15;180163;12;Doctor;10;7;
1937;On Sale;14;68009;25;Artist;9;3;
1938;Regular;54;166183;77;Artist;7;6;
1939;Regular;76;132537;44;Doctor;5;3;
1940;On Sale;76;146308;57;Artist;5;1;
1941;On Sale;52;63454;46;Artist;5;5;
1942;Regular;96;110519;18;Artist;9;4;
1943;On Sale;55;66728;53;Health;10;5;
1944;On Sale;54;170638;72;Artist;4;5;
1945;Regular;19;129635;100;Artist;6;4;
1946;Regular;29;133587;79;Marketing;5;3;
1947;Regular;96;126225;47;Engineer;7;4;
1948;On Sale;20;148776;29;Artist;8;5;
1949;On Sale;91;142602;60;Lawyer;7;6;
1950;Regular;37;102413;38;Health;5;5;
1951;Regular;42;68765;81;Entertainment;4;1;
1952;Regular;1;57522;74;Artist;0;5;
1953;On Sale;58;149237;88;Entertainment;8;6;
1954;On Sale;42;184844;32;Entertainment;6;1;
1955;On Sale;48;131656;41;Lawyer;9;6;
1956;On Sale;11;181026;40;Marketing;6;2;
1957;Regular;59;101698;99;Artist;9;3;
1958;On Sale;45;152560;40;Entertainment;9;2;
1959;Regular;73;142502;97;Doctor;5;1;
1960;On Sale;85;155432;17;Engineer;4;6;
1961;On Sale;70;108544;57;Entertainment;4;5;
1962;On Sale;52;106530;42;Engineer;7;2;
1963;Regular;70;124359;51;Constructor;7;7;
1964;On Sale;88;146970;98;Artist;7;6;
1965;Regular;61;182176;100;Artist;9;5;
1966;On Sale;46;114435;42;Artist;8;3;
1967;Regular;65;134213;32;Constructor;8;4;
1968;On Sale;84;115580;81;Entertainment;8;5;
1969;On Sale;76;124034;91;Executive;10;2;
1970;Regular;31;67894;42;Doctor;9;1;
1971;Regular;55;107099;89;Executive;4;6;
1972;Regular;45;140263;100;Entertainment;10;5;
1973;Regular;98;104249;12;Engineer;5;2;
1974;Regular;40;168821;36;Executive;4;5;
1975;On Sale;14;153145;55;Health;8;6;
1976;On Sale;41;128960;39;Executive;9;4;
1977;Regular;60;127438;82;Engineer;7;2;
1978;Regular;60;125968;100;Lawyer;8;2;
1979;Regular;84;104589;100;Artist;10;2;
1980;Regular;0;165321;66;Doctor;0;1;
1981;On Sale;10;86925;64;Artist;0;2;
1982;On Sale;62;149797;27;Artist;5;6;
1983;Regular;33;137094;68;Lawyer;4;1;
1984;On Sale;52;55395;49;Marketing;10;1;
1985;On Sale;2;153622;20;Lawyer;0;6;
1986;Regular;27;74050;56;Entertainment;8;1;
1987;On Sale;4;68094;30;Doctor;0;7;
1988;Regular;63;59244;92;Artist;7;1;
1989;On Sale;54;118944;85;Artist;4;4;
1990;On Sale;47;75293;51;Doctor;6;7;
1991;On Sale;30;166983;77;Artist;7;3;
1992;On Sale;97;129444;100;Entertainment;5;6;
1993;Regular;94;181183;29;Marketing;9;3;
1994;On Sale;64;175254;100;Artist;9;5;
1995;On Sale;19;54121;85;Engineer;6;3;
1996;On Sale;71;184387;48;Artist;8;7;
1997;On Sale;91;73158;28;Doctor;7;7;
1998;Regular;87;90961;14;Health;9;2;
1999;Regular;77;182109;4;Executive;7;2;
2000;Regular;90;110610;64;Entertainment;5;2;
